debugjTHB6:debugKHWM8,0,1529818525915,"{""action"": ""Begin"", ""phase"": ""INSTRUCTIONS"", ""templates"": [""instructions/instruct-ready.html""]}"
debugjTHB6:debugKHWM8,1,1529818526743,"{""action"": ""FinishInstructions"", ""indexOf"": 0, ""viewTime"": 825, ""phase"": ""INSTRUCTIONS"", ""template"": ""instructions/instruct-ready.html""}"
debugjTHB6:debugKHWM8,2,1529879863364,"{""phase"": ""INSTRUCTIONS"", ""templates"": [""instructions/instruct-ready.html""], ""action"": ""Begin""}"
debugjTHB6:debugKHWM8,3,1529879864332,"{""phase"": ""INSTRUCTIONS"", ""indexOf"": 0, ""viewTime"": 964, ""action"": ""FinishInstructions"", ""template"": ""instructions/instruct-ready.html""}"
debugLzjKn:debughTnXM,0,1529813234100,"{""action"": ""Begin"", ""phase"": ""INSTRUCTIONS"", ""templates"": [""instructions/instruct-ready.html""]}"
debugLzjKn:debughTnXM,1,1529813235079,"{""action"": ""FinishInstructions"", ""indexOf"": 0, ""viewTime"": 976, ""phase"": ""INSTRUCTIONS"", ""template"": ""instructions/instruct-ready.html""}"
debugLzjKn:debughTnXM,2,1529816876646,"{""phase"": ""INSTRUCTIONS"", ""templates"": [""instructions/instruct-ready.html""], ""action"": ""Begin""}"
debugLzjKn:debughTnXM,3,1529816877454,"{""phase"": ""INSTRUCTIONS"", ""indexOf"": 0, ""viewTime"": 806, ""action"": ""FinishInstructions"", ""template"": ""instructions/instruct-ready.html""}"
debugFI3it:debugK3dtk,0,1529818129862,"{""phase"": ""INSTRUCTIONS"", ""templates"": [""instructions/instruct-ready.html""], ""action"": ""Begin""}"
debugFI3it:debugK3dtk,1,1529818130721,"{""phase"": ""INSTRUCTIONS"", ""indexOf"": 0, ""viewTime"": 858, ""action"": ""FinishInstructions"", ""template"": ""instructions/instruct-ready.html""}"
debugokqs3:debugiA7GZ,0,1529949175594,"{""phase"": ""INSTRUCTIONS"", ""templates"": [""instructions/instruct-ready.html""], ""action"": ""Begin""}"
debugokqs3:debugiA7GZ,1,1529949176312,"{""phase"": ""INSTRUCTIONS"", ""indexOf"": 0, ""viewTime"": 716, ""action"": ""FinishInstructions"", ""template"": ""instructions/instruct-ready.html""}"
debugZWzLa:debugRHanK,0,1529880145034,"{""phase"": ""INSTRUCTIONS"", ""templates"": [""instructions/instruct-ready.html""], ""action"": ""Begin""}"
debugZWzLa:debugRHanK,1,1529880146385,"{""phase"": ""INSTRUCTIONS"", ""indexOf"": 0, ""viewTime"": 1349, ""action"": ""FinishInstructions"", ""template"": ""instructions/instruct-ready.html""}"
debug6sfen:debugKVh1J,0,1530049673684,"{""phase"": ""INSTRUCTIONS"", ""templates"": [""instructions/instruct-ready.html""], ""action"": ""Begin""}"
debug6sfen:debugKVh1J,1,1530049675396,"{""phase"": ""INSTRUCTIONS"", ""indexOf"": 0, ""viewTime"": 1710, ""action"": ""FinishInstructions"", ""template"": ""instructions/instruct-ready.html""}"
debug46CCc:debugLY4Oc,0,1530060756839,"{""phase"": ""INSTRUCTIONS"", ""templates"": [""instructions/instruct-ready.html""], ""action"": ""Begin""}"
debug46CCc:debugLY4Oc,1,1530060758870,"{""phase"": ""INSTRUCTIONS"", ""indexOf"": 0, ""viewTime"": 2027, ""action"": ""FinishInstructions"", ""template"": ""instructions/instruct-ready.html""}"
debugW4ui0:debugjU1cP,0,1530061138725,"{""phase"": ""INSTRUCTIONS"", ""templates"": [""instructions/instruct-ready.html""], ""action"": ""Begin""}"
debugW4ui0:debugjU1cP,1,1530061139703,"{""phase"": ""INSTRUCTIONS"", ""indexOf"": 0, ""viewTime"": 974, ""action"": ""FinishInstructions"", ""template"": ""instructions/instruct-ready.html""}"
debugToXPJ:debuggUTA1,0,1530654904823,"{""action"": ""Begin"", ""phase"": ""INSTRUCTIONS"", ""templates"": [""instructions/instruct-ready.html""]}"
debugToXPJ:debuggUTA1,1,1530654905804,"{""action"": ""FinishInstructions"", ""indexOf"": 0, ""viewTime"": 977, ""phase"": ""INSTRUCTIONS"", ""template"": ""instructions/instruct-ready.html""}"
debugToXPJ:debuggUTA1,2,1530655067832,"{""phase"": ""INSTRUCTIONS"", ""templates"": [""instructions/instruct-ready.html""], ""action"": ""Begin""}"
debugToXPJ:debuggUTA1,3,1530655068954,"{""phase"": ""INSTRUCTIONS"", ""indexOf"": 0, ""viewTime"": 1117, ""action"": ""FinishInstructions"", ""template"": ""instructions/instruct-ready.html""}"
debugANdUB:debug42Gfr,0,1530655824789,"{""phase"": ""INSTRUCTIONS"", ""templates"": [""instructions/instruct-ready.html""], ""action"": ""Begin""}"
debugANdUB:debug42Gfr,1,1530655825446,"{""phase"": ""INSTRUCTIONS"", ""indexOf"": 0, ""viewTime"": 655, ""action"": ""FinishInstructions"", ""template"": ""instructions/instruct-ready.html""}"
debug14K0B:debugVg66z,0,1530655899741,"{""phase"": ""INSTRUCTIONS"", ""templates"": [""instructions/instruct-ready.html""], ""action"": ""Begin""}"
debug14K0B:debugVg66z,1,1530655904188,"{""phase"": ""INSTRUCTIONS"", ""indexOf"": 0, ""viewTime"": 4444, ""action"": ""FinishInstructions"", ""template"": ""instructions/instruct-ready.html""}"
debugOxjGt:debugYRmQq,0,1530656416539,"{""phase"": ""INSTRUCTIONS"", ""templates"": [""instructions/instruct-ready.html""], ""action"": ""Begin""}"
debugOxjGt:debugYRmQq,1,1530656417401,"{""phase"": ""INSTRUCTIONS"", ""indexOf"": 0, ""viewTime"": 858, ""action"": ""FinishInstructions"", ""template"": ""instructions/instruct-ready.html""}"
debugWQw6S:debugWWdLS,0,1530657954395,"{""phase"": ""INSTRUCTIONS"", ""templates"": [""instructions/instruct-ready.html""], ""action"": ""Begin""}"
debugWQw6S:debugWWdLS,1,1530657958327,"{""phase"": ""INSTRUCTIONS"", ""indexOf"": 0, ""viewTime"": 3930, ""action"": ""FinishInstructions"", ""template"": ""instructions/instruct-ready.html""}"
debugu6h6e:debugFOhOU,0,1530662699464,"{""phase"": ""INSTRUCTIONS"", ""templates"": [""instructions/instruct-ready.html""], ""action"": ""Begin""}"
debugu6h6e:debugFOhOU,1,1530662703067,"{""phase"": ""INSTRUCTIONS"", ""indexOf"": 0, ""viewTime"": 3600, ""action"": ""FinishInstructions"", ""template"": ""instructions/instruct-ready.html""}"
debugu6h6e:debugFOhOU,2,1530662706159,"{""trial_type"": ""fullscreen"", ""time_elapsed"": 3006, ""trial_index"": 0, ""success"": true, ""internal_node_id"": ""0.0-0.0""}"
debugu6h6e:debugFOhOU,3,1530662706159,{}
debugu6h6e:debugFOhOU,4,1530662715000,"{""rt"": 8841, ""trial_type"": ""instructions"", ""view_history"": ""[{\""page_index\"":0,\""viewing_time\"":2013},{\""page_index\"":1,\""viewing_time\"":1079},{\""page_index\"":2,\""viewing_time\"":5749}]"", ""internal_node_id"": ""0.0-1.0"", ""time_elapsed"": 11848, ""trial_index"": 1}"
debugu6h6e:debugFOhOU,5,1530662715000,{}
debugu6h6e:debugFOhOU,6,1530662735128,"{""rt"": 20127, ""trial_type"": ""instructions"", ""view_history"": ""[{\""page_index\"":0,\""viewing_time\"":674},{\""page_index\"":1,\""viewing_time\"":607},{\""page_index\"":2,\""viewing_time\"":3297},{\""page_index\"":3,\""viewing_time\"":2262},{\""page_index\"":4,\""viewing_time\"":5996},{\""page_index\"":5,\""viewing_time\"":1665},{\""page_index\"":6,\""viewing_time\"":1079},{\""page_index\"":7,\""viewing_time\"":776},{\""page_index\"":8,\""viewing_time\"":1217},{\""page_index\"":9,\""viewing_time\"":752},{\""page_index\"":10,\""viewing_time\"":1801}]"", ""internal_node_id"": ""0.0-2.0-0.0"", ""time_elapsed"": 31976, ""trial_index"": 2}"
debugu6h6e:debugFOhOU,7,1530662735128,{}
debugu6h6e:debugFOhOU,8,1530662735379,"{""rt"": null, ""trial_type"": ""html-keyboard-response"", ""stimulus"": ""<div style=\""font-size:60px;\"">+</div>"", ""internal_node_id"": ""0.0-2.0-1.0"", ""test_part"": ""fixation"", ""time_elapsed"": 32227, ""key_press"": null, ""trial_index"": 3}"
debugu6h6e:debugFOhOU,9,1530662735379,{}
debugu6h6e:debugFOhOU,10,1530662743381,"{""rt"": null, ""trial_type"": ""image-button-response"", ""button_pressed"": null, ""stimulus"": ""static/images/0.jpg"", ""button_order"": [], ""time_elapsed"": 40229, ""internal_node_id"": ""0.0-2.0-2.0"", ""trial_index"": 4}"
debugu6h6e:debugFOhOU,11,1530662743381,{}
debugu6h6e:debugFOhOU,12,1530662746795,"{""rt"": 3413, ""trial_type"": ""html-button-response"", ""button_pressed"": ""1"", ""stimulus"": ""<p>Ok, very simple, right?</p><p>To repeat the example, click on <b>\""Repeat the example.\""</b> button.</p><p>Ready for the task? Click on the <b>\""I'm ready!\""</b> button.</p>"", ""internal_node_id"": ""0.0-2.0-3.0"", ""time_elapsed"": 43643, ""trial_index"": 5}"
debugu6h6e:debugFOhOU,13,1530662746795,{}
debugu6h6e:debugFOhOU,14,1530662752241,"{""rt"": 5446, ""trial_type"": ""html-button-response"", ""button_pressed"": ""0"", ""stimulus"": ""<p>In this part of survey, we ask you to answer the following question.</br></p><p><b>\""What is the REALISTICITY the artwork shown?\""</b></br></p><b>-2 = 'ABSTRACT', -1 = 'SLIGHTLY ABSTRACT', 0 = 'NEUTRAL', 1 = 'SLIGHTLY CONCRETE',  and 2 = 'CONCRETE'.\""</b></br></p><p>Click on the button below to begin.</p>"", ""internal_node_id"": ""0.0-3.0"", ""time_elapsed"": 49089, ""trial_index"": 6}"
debugu6h6e:debugFOhOU,15,1530662752241,{}
debugu6h6e:debugFOhOU,16,1530662752494,"{""rt"": null, ""trial_type"": ""html-keyboard-response"", ""stimulus"": ""<div style=\""font-size:60px;\"">+</div>"", ""internal_node_id"": ""0.0-4.0-0.0"", ""test_part"": ""fixation"", ""time_elapsed"": 49342, ""key_press"": null, ""trial_index"": 7}"
debugu6h6e:debugFOhOU,17,1530662752494,{}
debugu6h6e:debugFOhOU,18,1530662755222,"{""rt"": 2726, ""trial_type"": ""image-button-response"", ""button_pressed"": ""2"", ""stimulus"": ""static/images/abstract/selam-trilogy.jpg!PinterestLarge.jpg"", ""button_order"": [""-2"", ""-1"", ""0"", ""1"", ""2""], ""time_elapsed"": 52070, ""internal_node_id"": ""0.0-4.0-1.0"", ""trial_index"": 8}"
debugu6h6e:debugFOhOU,19,1530662755222,{}
debugu6h6e:debugFOhOU,20,1530662755472,"{""rt"": null, ""trial_type"": ""html-keyboard-response"", ""stimulus"": ""<div style=\""font-size:60px;\"">+</div>"", ""internal_node_id"": ""0.0-4.0-0.1"", ""test_part"": ""fixation"", ""time_elapsed"": 52320, ""key_press"": null, ""trial_index"": 9}"
debugu6h6e:debugFOhOU,21,1530662755472,{}
debugu6h6e:debugFOhOU,22,1530662757549,"{""rt"": 2076, ""trial_type"": ""image-button-response"", ""button_pressed"": ""2"", ""stimulus"": ""static/images/impressionism/rockport-boats-in-a-harbor.jpg!PinterestLarge.jpg"", ""button_order"": [""-2"", ""-1"", ""0"", ""1"", ""2""], ""time_elapsed"": 54397, ""internal_node_id"": ""0.0-4.0-1.1"", ""trial_index"": 10}"
debugu6h6e:debugFOhOU,23,1530662757549,{}
debugu6h6e:debugFOhOU,24,1530662757804,"{""rt"": null, ""trial_type"": ""html-keyboard-response"", ""stimulus"": ""<div style=\""font-size:60px;\"">+</div>"", ""internal_node_id"": ""0.0-4.0-0.2"", ""test_part"": ""fixation"", ""time_elapsed"": 54652, ""key_press"": null, ""trial_index"": 11}"
debugu6h6e:debugFOhOU,25,1530662757804,{}
debugu6h6e:debugFOhOU,26,1530662761352,"{""rt"": 3547, ""trial_type"": ""image-button-response"", ""button_pressed"": ""2"", ""stimulus"": ""static/images/abstract/concentric-1925.jpg!PinterestLarge.jpg"", ""button_order"": [""-2"", ""-1"", ""0"", ""1"", ""2""], ""time_elapsed"": 58200, ""internal_node_id"": ""0.0-4.0-1.2"", ""trial_index"": 12}"
debugu6h6e:debugFOhOU,27,1530662761352,{}
debugu6h6e:debugFOhOU,28,1530662761606,"{""rt"": null, ""trial_type"": ""html-keyboard-response"", ""stimulus"": ""<div style=\""font-size:60px;\"">+</div>"", ""internal_node_id"": ""0.0-4.0-0.3"", ""test_part"": ""fixation"", ""time_elapsed"": 58454, ""key_press"": null, ""trial_index"": 13}"
debugu6h6e:debugFOhOU,29,1530662761606,{}
debugu6h6e:debugFOhOU,30,1530662764795,"{""rt"": 3186, ""trial_type"": ""image-button-response"", ""button_pressed"": ""2"", ""stimulus"": ""static/images/cubism/dropsgezicht-1911.jpg!PinterestLarge.jpg"", ""button_order"": [""-2"", ""-1"", ""0"", ""1"", ""2""], ""time_elapsed"": 61642, ""internal_node_id"": ""0.0-4.0-1.3"", ""trial_index"": 14}"
debugu6h6e:debugFOhOU,31,1530662764795,{}
debugu6h6e:debugFOhOU,32,1530662765048,"{""rt"": null, ""trial_type"": ""html-keyboard-response"", ""stimulus"": ""<div style=\""font-size:60px;\"">+</div>"", ""internal_node_id"": ""0.0-4.0-0.4"", ""test_part"": ""fixation"", ""time_elapsed"": 61896, ""key_press"": null, ""trial_index"": 15}"
debugu6h6e:debugFOhOU,33,1530662765048,{}
debugu6h6e:debugFOhOU,34,1530662767663,"{""rt"": 2614, ""trial_type"": ""image-button-response"", ""button_pressed"": ""2"", ""stimulus"": ""static/images/leslie/101vermeer_milkmaid.bmp"", ""button_order"": [""-2"", ""-1"", ""0"", ""1"", ""2""], ""time_elapsed"": 64511, ""internal_node_id"": ""0.0-4.0-1.4"", ""trial_index"": 16}"
debugu6h6e:debugFOhOU,35,1530662767663,{}
debugu6h6e:debugFOhOU,36,1530662767917,"{""rt"": null, ""trial_type"": ""html-keyboard-response"", ""stimulus"": ""<div style=\""font-size:60px;\"">+</div>"", ""internal_node_id"": ""0.0-4.0-0.5"", ""test_part"": ""fixation"", ""time_elapsed"": 64765, ""key_press"": null, ""trial_index"": 17}"
debugu6h6e:debugFOhOU,37,1530662767917,{}
debugu6h6e:debugFOhOU,38,1530662770026,"{""rt"": 2109, ""trial_type"": ""image-button-response"", ""button_pressed"": ""2"", ""stimulus"": ""static/images/cubism/uknown.jpg!PinterestLarge.jpg"", ""button_order"": [""-2"", ""-1"", ""0"", ""1"", ""2""], ""time_elapsed"": 66874, ""internal_node_id"": ""0.0-4.0-1.5"", ""trial_index"": 18}"
debugu6h6e:debugFOhOU,39,1530662770026,{}
debugu6h6e:debugFOhOU,40,1530662770277,"{""rt"": null, ""trial_type"": ""html-keyboard-response"", ""stimulus"": ""<div style=\""font-size:60px;\"">+</div>"", ""internal_node_id"": ""0.0-4.0-0.6"", ""test_part"": ""fixation"", ""time_elapsed"": 67125, ""key_press"": null, ""trial_index"": 19}"
debugu6h6e:debugFOhOU,41,1530662770277,{}
debugu6h6e:debugFOhOU,42,1530662772310,"{""rt"": 2031, ""trial_type"": ""image-button-response"", ""button_pressed"": ""2"", ""stimulus"": ""static/images/impressionism/rua-de-barbizon-1879.jpg!PinterestLarge.jpg"", ""button_order"": [""-2"", ""-1"", ""0"", ""1"", ""2""], ""time_elapsed"": 69157, ""internal_node_id"": ""0.0-4.0-1.6"", ""trial_index"": 20}"
debugu6h6e:debugFOhOU,43,1530662772310,{}
debugu6h6e:debugFOhOU,44,1530662772561,"{""rt"": null, ""trial_type"": ""html-keyboard-response"", ""stimulus"": ""<div style=\""font-size:60px;\"">+</div>"", ""internal_node_id"": ""0.0-4.0-0.7"", ""test_part"": ""fixation"", ""time_elapsed"": 69409, ""key_press"": null, ""trial_index"": 21}"
debugu6h6e:debugFOhOU,45,1530662772561,{}
debugu6h6e:debugFOhOU,46,1530662774335,"{""rt"": 1773, ""trial_type"": ""image-button-response"", ""button_pressed"": ""2"", ""stimulus"": ""static/images/colorFields/zebra-1969.jpg!PinterestLarge.jpg"", ""button_order"": [""-2"", ""-1"", ""0"", ""1"", ""2""], ""time_elapsed"": 71183, ""internal_node_id"": ""0.0-4.0-1.7"", ""trial_index"": 22}"
debugu6h6e:debugFOhOU,47,1530662774335,{}
debugu6h6e:debugFOhOU,48,1530662774587,"{""rt"": null, ""trial_type"": ""html-keyboard-response"", ""stimulus"": ""<div style=\""font-size:60px;\"">+</div>"", ""internal_node_id"": ""0.0-4.0-0.8"", ""test_part"": ""fixation"", ""time_elapsed"": 71435, ""key_press"": null, ""trial_index"": 23}"
debugu6h6e:debugFOhOU,49,1530662774587,{}
debugu6h6e:debugFOhOU,50,1530662775753,"{""rt"": 1166, ""trial_type"": ""image-button-response"", ""button_pressed"": ""2"", ""stimulus"": ""static/images/colorFields/train-landscape-1953.jpg!PinterestLarge.jpg"", ""button_order"": [""-2"", ""-1"", ""0"", ""1"", ""2""], ""time_elapsed"": 72601, ""internal_node_id"": ""0.0-4.0-1.8"", ""trial_index"": 24}"
debugu6h6e:debugFOhOU,51,1530662775753,{}
debugu6h6e:debugFOhOU,52,1530662776004,"{""rt"": null, ""trial_type"": ""html-keyboard-response"", ""stimulus"": ""<div style=\""font-size:60px;\"">+</div>"", ""internal_node_id"": ""0.0-4.0-0.9"", ""test_part"": ""fixation"", ""time_elapsed"": 72852, ""key_press"": null, ""trial_index"": 25}"
debugu6h6e:debugFOhOU,53,1530662776004,{}
debugu6h6e:debugFOhOU,54,1530662777654,"{""rt"": 1649, ""trial_type"": ""image-button-response"", ""button_pressed"": ""2"", ""stimulus"": ""static/images/leslie/95Cherry_Ripe_1879.bmp"", ""button_order"": [""-2"", ""-1"", ""0"", ""1"", ""2""], ""time_elapsed"": 74502, ""internal_node_id"": ""0.0-4.0-1.9"", ""trial_index"": 26}"
debugu6h6e:debugFOhOU,55,1530662777654,{}
debugu6h6e:debugFOhOU,56,1530662777906,"{""rt"": null, ""trial_type"": ""html-keyboard-response"", ""stimulus"": ""<div style=\""font-size:60px;\"">+</div>"", ""internal_node_id"": ""0.0-4.0-0.10"", ""test_part"": ""fixation"", ""time_elapsed"": 74754, ""key_press"": null, ""trial_index"": 27}"
debugu6h6e:debugFOhOU,57,1530662777906,{}
debugu6h6e:debugFOhOU,58,1530662780253,"{""rt"": 2347, ""trial_type"": ""image-button-response"", ""button_pressed"": ""2"", ""stimulus"": ""static/images/cubism/taureau-x-1955.jpg!PinterestLarge.jpg"", ""button_order"": [""-2"", ""-1"", ""0"", ""1"", ""2""], ""time_elapsed"": 77101, ""internal_node_id"": ""0.0-4.0-1.10"", ""trial_index"": 28}"
debugu6h6e:debugFOhOU,59,1530662780253,{}
debugu6h6e:debugFOhOU,60,1530662780505,"{""rt"": null, ""trial_type"": ""html-keyboard-response"", ""stimulus"": ""<div style=\""font-size:60px;\"">+</div>"", ""internal_node_id"": ""0.0-4.0-0.11"", ""test_part"": ""fixation"", ""time_elapsed"": 77353, ""key_press"": null, ""trial_index"": 29}"
debugu6h6e:debugFOhOU,61,1530662780505,{}
debugu6h6e:debugFOhOU,62,1530662782435,"{""rt"": 1930, ""trial_type"": ""image-button-response"", ""button_pressed"": ""2"", ""stimulus"": ""static/images/abstract/the-sculptor-1923.jpg!PinterestLarge.jpg"", ""button_order"": [""-2"", ""-1"", ""0"", ""1"", ""2""], ""time_elapsed"": 79283, ""internal_node_id"": ""0.0-4.0-1.11"", ""trial_index"": 30}"
debugu6h6e:debugFOhOU,63,1530662782435,{}
debugu6h6e:debugFOhOU,64,1530662782687,"{""rt"": null, ""trial_type"": ""html-keyboard-response"", ""stimulus"": ""<div style=\""font-size:60px;\"">+</div>"", ""internal_node_id"": ""0.0-4.0-0.12"", ""test_part"": ""fixation"", ""time_elapsed"": 79535, ""key_press"": null, ""trial_index"": 31}"
debugu6h6e:debugFOhOU,65,1530662782687,{}
debugu6h6e:debugFOhOU,66,1530662783886,"{""rt"": 1198, ""trial_type"": ""image-button-response"", ""button_pressed"": ""2"", ""stimulus"": ""static/images/cubism/three-nudes-in-the-forest.jpg!PinterestLarge.jpg"", ""button_order"": [""-2"", ""-1"", ""0"", ""1"", ""2""], ""time_elapsed"": 80734, ""internal_node_id"": ""0.0-4.0-1.12"", ""trial_index"": 32}"
debugu6h6e:debugFOhOU,67,1530662783886,{}
debugu6h6e:debugFOhOU,68,1530662784137,"{""rt"": null, ""trial_type"": ""html-keyboard-response"", ""stimulus"": ""<div style=\""font-size:60px;\"">+</div>"", ""internal_node_id"": ""0.0-4.0-0.13"", ""test_part"": ""fixation"", ""time_elapsed"": 80984, ""key_press"": null, ""trial_index"": 33}"
debugu6h6e:debugFOhOU,69,1530662784137,{}
debugu6h6e:debugFOhOU,70,1530662785551,"{""rt"": 1414, ""trial_type"": ""image-button-response"", ""button_pressed"": ""2"", ""stimulus"": ""static/images/colorFields/untitled-1953.jpg!PinterestLarge.jpg"", ""button_order"": [""-2"", ""-1"", ""0"", ""1"", ""2""], ""time_elapsed"": 82399, ""internal_node_id"": ""0.0-4.0-1.13"", ""trial_index"": 34}"
debugu6h6e:debugFOhOU,71,1530662785551,{}
debugu6h6e:debugFOhOU,72,1530662785802,"{""rt"": null, ""trial_type"": ""html-keyboard-response"", ""stimulus"": ""<div style=\""font-size:60px;\"">+</div>"", ""internal_node_id"": ""0.0-4.0-0.14"", ""test_part"": ""fixation"", ""time_elapsed"": 82650, ""key_press"": null, ""trial_index"": 35}"
debugu6h6e:debugFOhOU,73,1530662785802,{}
debugu6h6e:debugFOhOU,74,1530662787070,"{""rt"": 1266, ""trial_type"": ""image-button-response"", ""button_pressed"": ""2"", ""stimulus"": ""static/images/colorFields/green-painting-2006.jpg!PinterestLarge.jpg"", ""button_order"": [""-2"", ""-1"", ""0"", ""1"", ""2""], ""time_elapsed"": 83918, ""internal_node_id"": ""0.0-4.0-1.14"", ""trial_index"": 36}"
debugu6h6e:debugFOhOU,75,1530662787070,{}
debugu6h6e:debugFOhOU,76,1530662787325,"{""rt"": null, ""trial_type"": ""html-keyboard-response"", ""stimulus"": ""<div style=\""font-size:60px;\"">+</div>"", ""internal_node_id"": ""0.0-4.0-0.15"", ""test_part"": ""fixation"", ""time_elapsed"": 84173, ""key_press"": null, ""trial_index"": 37}"
debugu6h6e:debugFOhOU,77,1530662787325,{}
debugu6h6e:debugFOhOU,78,1530662788567,"{""rt"": 1241, ""trial_type"": ""image-button-response"", ""button_pressed"": ""2"", ""stimulus"": ""static/images/impressionism/jockeys-1.jpg!PinterestLarge.jpg"", ""button_order"": [""-2"", ""-1"", ""0"", ""1"", ""2""], ""time_elapsed"": 85415, ""internal_node_id"": ""0.0-4.0-1.15"", ""trial_index"": 38}"
debugu6h6e:debugFOhOU,79,1530662788567,{}
debugu6h6e:debugFOhOU,80,1530662788817,"{""rt"": null, ""trial_type"": ""html-keyboard-response"", ""stimulus"": ""<div style=\""font-size:60px;\"">+</div>"", ""internal_node_id"": ""0.0-4.0-0.16"", ""test_part"": ""fixation"", ""time_elapsed"": 85665, ""key_press"": null, ""trial_index"": 39}"
debugu6h6e:debugFOhOU,81,1530662788817,{}
debugu6h6e:debugFOhOU,82,1530662789691,"{""rt"": 873, ""trial_type"": ""image-button-response"", ""button_pressed"": ""2"", ""stimulus"": ""static/images/cubism/at-wattle-1972-5.jpg!PinterestLarge.jpg"", ""button_order"": [""-2"", ""-1"", ""0"", ""1"", ""2""], ""time_elapsed"": 86539, ""internal_node_id"": ""0.0-4.0-1.16"", ""trial_index"": 40}"
debugu6h6e:debugFOhOU,83,1530662789691,{}
debugu6h6e:debugFOhOU,84,1530662789942,"{""rt"": null, ""trial_type"": ""html-keyboard-response"", ""stimulus"": ""<div style=\""font-size:60px;\"">+</div>"", ""internal_node_id"": ""0.0-4.0-0.17"", ""test_part"": ""fixation"", ""time_elapsed"": 86790, ""key_press"": null, ""trial_index"": 41}"
debugu6h6e:debugFOhOU,85,1530662789942,{}
debugu6h6e:debugFOhOU,86,1530662791874,"{""rt"": 1931, ""trial_type"": ""image-button-response"", ""button_pressed"": ""2"", ""stimulus"": ""static/images/abstract/composition-1965.jpg!PinterestLarge.jpg"", ""button_order"": [""-2"", ""-1"", ""0"", ""1"", ""2""], ""time_elapsed"": 88722, ""internal_node_id"": ""0.0-4.0-1.17"", ""trial_index"": 42}"
debugu6h6e:debugFOhOU,87,1530662791874,{}
debugu6h6e:debugFOhOU,88,1530662792127,"{""rt"": null, ""trial_type"": ""html-keyboard-response"", ""stimulus"": ""<div style=\""font-size:60px;\"">+</div>"", ""internal_node_id"": ""0.0-4.0-0.18"", ""test_part"": ""fixation"", ""time_elapsed"": 88975, ""key_press"": null, ""trial_index"": 43}"
debugu6h6e:debugFOhOU,89,1530662792127,{}
debugu6h6e:debugFOhOU,90,1530662794675,"{""rt"": 2547, ""trial_type"": ""image-button-response"", ""button_pressed"": ""2"", ""stimulus"": ""static/images/colorFields/carthage-1962.jpg!PinterestLarge.jpg"", ""button_order"": [""-2"", ""-1"", ""0"", ""1"", ""2""], ""time_elapsed"": 91522, ""internal_node_id"": ""0.0-4.0-1.18"", ""trial_index"": 44}"
debugu6h6e:debugFOhOU,91,1530662794675,{}
debugu6h6e:debugFOhOU,92,1530662794927,"{""rt"": null, ""trial_type"": ""html-keyboard-response"", ""stimulus"": ""<div style=\""font-size:60px;\"">+</div>"", ""internal_node_id"": ""0.0-4.0-0.19"", ""test_part"": ""fixation"", ""time_elapsed"": 91775, ""key_press"": null, ""trial_index"": 45}"
debugu6h6e:debugFOhOU,93,1530662794927,{}
debugu6h6e:debugFOhOU,94,1530662796914,"{""rt"": 1985, ""trial_type"": ""image-button-response"", ""button_pressed"": ""2"", ""stimulus"": ""static/images/leslie/42toulouse-lautrec-bed.bmp"", ""button_order"": [""-2"", ""-1"", ""0"", ""1"", ""2""], ""time_elapsed"": 93762, ""internal_node_id"": ""0.0-4.0-1.19"", ""trial_index"": 46}"
debugu6h6e:debugFOhOU,95,1530662796914,{}
debugu6h6e:debugFOhOU,96,1530662797166,"{""rt"": null, ""trial_type"": ""html-keyboard-response"", ""stimulus"": ""<div style=\""font-size:60px;\"">+</div>"", ""internal_node_id"": ""0.0-4.0-0.20"", ""test_part"": ""fixation"", ""time_elapsed"": 94014, ""key_press"": null, ""trial_index"": 47}"
debugu6h6e:debugFOhOU,97,1530662797166,{}
debugu6h6e:debugFOhOU,98,1530662801515,"{""rt"": 4347, ""trial_type"": ""image-button-response"", ""button_pressed"": ""2"", ""stimulus"": ""static/images/impressionism/the-pont-neuf-1902.jpg!PinterestLarge.jpg"", ""button_order"": [""-2"", ""-1"", ""0"", ""1"", ""2""], ""time_elapsed"": 98363, ""internal_node_id"": ""0.0-4.0-1.20"", ""trial_index"": 48}"
debugu6h6e:debugFOhOU,99,1530662801515,{}
debugu6h6e:debugFOhOU,100,1530662801767,"{""rt"": null, ""trial_type"": ""html-keyboard-response"", ""stimulus"": ""<div style=\""font-size:60px;\"">+</div>"", ""internal_node_id"": ""0.0-4.0-0.21"", ""test_part"": ""fixation"", ""time_elapsed"": 98615, ""key_press"": null, ""trial_index"": 49}"
debugu6h6e:debugFOhOU,101,1530662801767,{}
debugu6h6e:debugFOhOU,102,1530662803517,"{""rt"": 1750, ""trial_type"": ""image-button-response"", ""button_pressed"": ""2"", ""stimulus"": ""static/images/abstract/hangingon-60x48.jpg!PinterestLarge.jpg"", ""button_order"": [""-2"", ""-1"", ""0"", ""1"", ""2""], ""time_elapsed"": 100365, ""internal_node_id"": ""0.0-4.0-1.21"", ""trial_index"": 50}"
debugu6h6e:debugFOhOU,103,1530662803517,{}
debugu6h6e:debugFOhOU,104,1530662803768,"{""rt"": null, ""trial_type"": ""html-keyboard-response"", ""stimulus"": ""<div style=\""font-size:60px;\"">+</div>"", ""internal_node_id"": ""0.0-4.0-0.22"", ""test_part"": ""fixation"", ""time_elapsed"": 100616, ""key_press"": null, ""trial_index"": 51}"
debugu6h6e:debugFOhOU,105,1530662803768,{}
debugu6h6e:debugFOhOU,106,1530662806905,"{""rt"": 3135, ""trial_type"": ""image-button-response"", ""button_pressed"": ""2"", ""stimulus"": ""static/images/colorFields/blue-and-yellow-and-red-orange-1965.jpg!PinterestLarge.jpg"", ""button_order"": [""-2"", ""-1"", ""0"", ""1"", ""2""], ""time_elapsed"": 103753, ""internal_node_id"": ""0.0-4.0-1.22"", ""trial_index"": 52}"
debugu6h6e:debugFOhOU,107,1530662806905,{}
debugu6h6e:debugFOhOU,108,1530662807156,"{""rt"": null, ""trial_type"": ""html-keyboard-response"", ""stimulus"": ""<div style=\""font-size:60px;\"">+</div>"", ""internal_node_id"": ""0.0-4.0-0.23"", ""test_part"": ""fixation"", ""time_elapsed"": 104004, ""key_press"": null, ""trial_index"": 53}"
debugu6h6e:debugFOhOU,109,1530662807156,{}
debugu6h6e:debugFOhOU,110,1530662808817,"{""rt"": 1660, ""trial_type"": ""image-button-response"", ""button_pressed"": ""2"", ""stimulus"": ""static/images/impressionism/moon-on-the-lake-1907.jpg!PinterestLarge.jpg"", ""button_order"": [""-2"", ""-1"", ""0"", ""1"", ""2""], ""time_elapsed"": 105665, ""internal_node_id"": ""0.0-4.0-1.23"", ""trial_index"": 54}"
debugu6h6e:debugFOhOU,111,1530662808817,{}
debugu6h6e:debugFOhOU,112,1530662809072,"{""rt"": null, ""trial_type"": ""html-keyboard-response"", ""stimulus"": ""<div style=\""font-size:60px;\"">+</div>"", ""internal_node_id"": ""0.0-4.0-0.24"", ""test_part"": ""fixation"", ""time_elapsed"": 105920, ""key_press"": null, ""trial_index"": 55}"
debugu6h6e:debugFOhOU,113,1530662809072,{}
debugu6h6e:debugFOhOU,114,1530662810313,"{""rt"": 1241, ""trial_type"": ""image-button-response"", ""button_pressed"": ""2"", ""stimulus"": ""static/images/abstract/espacillimit.jpg!PinterestLarge.jpg"", ""button_order"": [""-2"", ""-1"", ""0"", ""1"", ""2""], ""time_elapsed"": 107161, ""internal_node_id"": ""0.0-4.0-1.24"", ""trial_index"": 56}"
debugu6h6e:debugFOhOU,115,1530662810313,{}
debugu6h6e:debugFOhOU,116,1530662810568,"{""rt"": null, ""trial_type"": ""html-keyboard-response"", ""stimulus"": ""<div style=\""font-size:60px;\"">+</div>"", ""internal_node_id"": ""0.0-4.0-0.25"", ""test_part"": ""fixation"", ""time_elapsed"": 107416, ""key_press"": null, ""trial_index"": 57}"
debugu6h6e:debugFOhOU,117,1530662810568,{}
debugu6h6e:debugFOhOU,118,1530662816342,"{""rt"": 5772, ""trial_type"": ""image-button-response"", ""button_pressed"": ""2"", ""stimulus"": ""static/images/abstract/miracles-of-evolution-africa-1977.jpg!PinterestLarge.jpg"", ""button_order"": [""-2"", ""-1"", ""0"", ""1"", ""2""], ""time_elapsed"": 113190, ""internal_node_id"": ""0.0-4.0-1.25"", ""trial_index"": 58}"
debugu6h6e:debugFOhOU,119,1530662816342,{}
debugu6h6e:debugFOhOU,120,1530662816593,"{""rt"": null, ""trial_type"": ""html-keyboard-response"", ""stimulus"": ""<div style=\""font-size:60px;\"">+</div>"", ""internal_node_id"": ""0.0-4.0-0.26"", ""test_part"": ""fixation"", ""time_elapsed"": 113441, ""key_press"": null, ""trial_index"": 59}"
debugu6h6e:debugFOhOU,121,1530662816593,{}
debugu6h6e:debugFOhOU,122,1530662817535,"{""rt"": 941, ""trial_type"": ""image-button-response"", ""button_pressed"": ""2"", ""stimulus"": ""static/images/cubism/ferry-at-bigwin-island-1952.jpg!PinterestLarge.jpg"", ""button_order"": [""-2"", ""-1"", ""0"", ""1"", ""2""], ""time_elapsed"": 114383, ""internal_node_id"": ""0.0-4.0-1.26"", ""trial_index"": 60}"
debugu6h6e:debugFOhOU,123,1530662817535,{}
debugu6h6e:debugFOhOU,124,1530662817789,"{""rt"": null, ""trial_type"": ""html-keyboard-response"", ""stimulus"": ""<div style=\""font-size:60px;\"">+</div>"", ""internal_node_id"": ""0.0-4.0-0.27"", ""test_part"": ""fixation"", ""time_elapsed"": 114637, ""key_press"": null, ""trial_index"": 61}"
debugu6h6e:debugFOhOU,125,1530662817789,{}
debugu6h6e:debugFOhOU,126,1530662818773,"{""rt"": 983, ""trial_type"": ""image-button-response"", ""button_pressed"": ""2"", ""stimulus"": ""static/images/impressionism/summer-1896.jpg!PinterestLarge.jpg"", ""button_order"": [""-2"", ""-1"", ""0"", ""1"", ""2""], ""time_elapsed"": 115621, ""internal_node_id"": ""0.0-4.0-1.27"", ""trial_index"": 62}"
debugu6h6e:debugFOhOU,127,1530662818773,{}
debugu6h6e:debugFOhOU,128,1530662819023,"{""rt"": null, ""trial_type"": ""html-keyboard-response"", ""stimulus"": ""<div style=\""font-size:60px;\"">+</div>"", ""internal_node_id"": ""0.0-4.0-0.28"", ""test_part"": ""fixation"", ""time_elapsed"": 115871, ""key_press"": null, ""trial_index"": 63}"
debugu6h6e:debugFOhOU,129,1530662819023,{}
debugu6h6e:debugFOhOU,130,1530662821192,"{""rt"": 2168, ""trial_type"": ""image-button-response"", ""button_pressed"": ""2"", ""stimulus"": ""static/images/cubism/house-manhufe-1913.jpg!PinterestLarge.jpg"", ""button_order"": [""-2"", ""-1"", ""0"", ""1"", ""2""], ""time_elapsed"": 118040, ""internal_node_id"": ""0.0-4.0-1.28"", ""trial_index"": 64}"
debugu6h6e:debugFOhOU,131,1530662821192,{}
debugu6h6e:debugFOhOU,132,1530662821447,"{""rt"": null, ""trial_type"": ""html-keyboard-response"", ""stimulus"": ""<div style=\""font-size:60px;\"">+</div>"", ""internal_node_id"": ""0.0-4.0-0.29"", ""test_part"": ""fixation"", ""time_elapsed"": 118295, ""key_press"": null, ""trial_index"": 65}"
debugu6h6e:debugFOhOU,133,1530662821447,{}
debugu6h6e:debugFOhOU,134,1530662829449,"{""rt"": null, ""trial_type"": ""image-button-response"", ""button_pressed"": null, ""stimulus"": ""static/images/impressionism/northeast-gorge-at-appledore.jpg!PinterestLarge.jpg"", ""button_order"": [""-2"", ""-1"", ""0"", ""1"", ""2""], ""time_elapsed"": 126297, ""internal_node_id"": ""0.0-4.0-1.29"", ""trial_index"": 66}"
debugu6h6e:debugFOhOU,135,1530662829449,{}
debugu6h6e:debugFOhOU,136,1530662829705,"{""rt"": null, ""trial_type"": ""html-keyboard-response"", ""stimulus"": ""<div style=\""font-size:60px;\"">+</div>"", ""internal_node_id"": ""0.0-4.0-0.30"", ""test_part"": ""fixation"", ""time_elapsed"": 126553, ""key_press"": null, ""trial_index"": 67}"
debugu6h6e:debugFOhOU,137,1530662829705,{}
debugu6h6e:debugFOhOU,138,1530662831982,"{""rt"": 2274, ""trial_type"": ""image-button-response"", ""button_pressed"": ""2"", ""stimulus"": ""static/images/abstract/why-why-why-triptych.jpg!PinterestLarge.jpg"", ""button_order"": [""-2"", ""-1"", ""0"", ""1"", ""2""], ""time_elapsed"": 128829, ""internal_node_id"": ""0.0-4.0-1.30"", ""trial_index"": 68}"
debugu6h6e:debugFOhOU,139,1530662831982,{}
debugu6h6e:debugFOhOU,140,1530662832234,"{""rt"": null, ""trial_type"": ""html-keyboard-response"", ""stimulus"": ""<div style=\""font-size:60px;\"">+</div>"", ""internal_node_id"": ""0.0-4.0-0.31"", ""test_part"": ""fixation"", ""time_elapsed"": 129082, ""key_press"": null, ""trial_index"": 69}"
debugu6h6e:debugFOhOU,141,1530662832234,{}
debugu6h6e:debugFOhOU,142,1530662840235,"{""rt"": null, ""trial_type"": ""image-button-response"", ""button_pressed"": null, ""stimulus"": ""static/images/abstract/nova-aurigae-1918.jpg!PinterestLarge.jpg"", ""button_order"": [""-2"", ""-1"", ""0"", ""1"", ""2""], ""time_elapsed"": 137083, ""internal_node_id"": ""0.0-4.0-1.31"", ""trial_index"": 70}"
debugu6h6e:debugFOhOU,143,1530662840235,{}
debugu6h6e:debugFOhOU,144,1530662840489,"{""rt"": null, ""trial_type"": ""html-keyboard-response"", ""stimulus"": ""<div style=\""font-size:60px;\"">+</div>"", ""internal_node_id"": ""0.0-4.0-0.32"", ""test_part"": ""fixation"", ""time_elapsed"": 137337, ""key_press"": null, ""trial_index"": 71}"
debugu6h6e:debugFOhOU,145,1530662840489,{}
debugu6h6e:debugFOhOU,146,1530662848490,"{""rt"": null, ""trial_type"": ""image-button-response"", ""button_pressed"": null, ""stimulus"": ""static/images/cubism/woman-on-a-balcony-1914.jpg!PinterestLarge.jpg"", ""button_order"": [""-2"", ""-1"", ""0"", ""1"", ""2""], ""time_elapsed"": 145338, ""internal_node_id"": ""0.0-4.0-1.32"", ""trial_index"": 72}"
debugu6h6e:debugFOhOU,147,1530662848490,{}
debugu6h6e:debugFOhOU,148,1530662848743,"{""rt"": null, ""trial_type"": ""html-keyboard-response"", ""stimulus"": ""<div style=\""font-size:60px;\"">+</div>"", ""internal_node_id"": ""0.0-4.0-0.33"", ""test_part"": ""fixation"", ""time_elapsed"": 145591, ""key_press"": null, ""trial_index"": 73}"
debugu6h6e:debugFOhOU,149,1530662848743,{}
debugu6h6e:debugFOhOU,150,1530662856749,"{""rt"": null, ""trial_type"": ""image-button-response"", ""button_pressed"": null, ""stimulus"": ""static/images/colorFields/untitled-1962-1.jpg!PinterestLarge.jpg"", ""button_order"": [""-2"", ""-1"", ""0"", ""1"", ""2""], ""time_elapsed"": 153597, ""internal_node_id"": ""0.0-4.0-1.33"", ""trial_index"": 74}"
debugu6h6e:debugFOhOU,151,1530662856749,{}
debugu6h6e:debugFOhOU,152,1530662857005,"{""rt"": null, ""trial_type"": ""html-keyboard-response"", ""stimulus"": ""<div style=\""font-size:60px;\"">+</div>"", ""internal_node_id"": ""0.0-4.0-0.34"", ""test_part"": ""fixation"", ""time_elapsed"": 153853, ""key_press"": null, ""trial_index"": 75}"
debugu6h6e:debugFOhOU,153,1530662857005,{}
debugu6h6e:debugFOhOU,154,1530662865009,"{""rt"": null, ""trial_type"": ""image-button-response"", ""button_pressed"": null, ""stimulus"": ""static/images/cubism/composition-ii-still-life-1916.jpg!PinterestLarge.jpg"", ""button_order"": [""-2"", ""-1"", ""0"", ""1"", ""2""], ""time_elapsed"": 161857, ""internal_node_id"": ""0.0-4.0-1.34"", ""trial_index"": 76}"
debugu6h6e:debugFOhOU,155,1530662865009,{}
debugu6h6e:debugFOhOU,156,1530662865262,"{""rt"": null, ""trial_type"": ""html-keyboard-response"", ""stimulus"": ""<div style=\""font-size:60px;\"">+</div>"", ""internal_node_id"": ""0.0-4.0-0.35"", ""test_part"": ""fixation"", ""time_elapsed"": 162110, ""key_press"": null, ""trial_index"": 77}"
debugu6h6e:debugFOhOU,157,1530662865262,{}
debugu6h6e:debugFOhOU,158,1530662873263,"{""rt"": null, ""trial_type"": ""image-button-response"", ""button_pressed"": null, ""stimulus"": ""static/images/leslie/30signac-palais-avignon.bmp"", ""button_order"": [""-2"", ""-1"", ""0"", ""1"", ""2""], ""time_elapsed"": 170111, ""internal_node_id"": ""0.0-4.0-1.35"", ""trial_index"": 78}"
debugu6h6e:debugFOhOU,159,1530662873263,{}
debugu6h6e:debugFOhOU,160,1530662873515,"{""rt"": null, ""trial_type"": ""html-keyboard-response"", ""stimulus"": ""<div style=\""font-size:60px;\"">+</div>"", ""internal_node_id"": ""0.0-4.0-0.36"", ""test_part"": ""fixation"", ""time_elapsed"": 170363, ""key_press"": null, ""trial_index"": 79}"
debugu6h6e:debugFOhOU,161,1530662873515,{}
debugu6h6e:debugFOhOU,162,1530662881521,"{""rt"": null, ""trial_type"": ""image-button-response"", ""button_pressed"": null, ""stimulus"": ""static/images/leslie/139book.bmp"", ""button_order"": [""-2"", ""-1"", ""0"", ""1"", ""2""], ""time_elapsed"": 178369, ""internal_node_id"": ""0.0-4.0-1.36"", ""trial_index"": 80}"
debugu6h6e:debugFOhOU,163,1530662881521,{}
debugu6h6e:debugFOhOU,164,1530662881772,"{""rt"": null, ""trial_type"": ""html-keyboard-response"", ""stimulus"": ""<div style=\""font-size:60px;\"">+</div>"", ""internal_node_id"": ""0.0-4.0-0.37"", ""test_part"": ""fixation"", ""time_elapsed"": 178620, ""key_press"": null, ""trial_index"": 81}"
debugu6h6e:debugFOhOU,165,1530662881773,{}
debugu6h6e:debugFOhOU,166,1530662889774,"{""rt"": null, ""trial_type"": ""image-button-response"", ""button_pressed"": null, ""stimulus"": ""static/images/abstract/black-and-violet-1923.jpg!PinterestLarge.jpg"", ""button_order"": [""-2"", ""-1"", ""0"", ""1"", ""2""], ""time_elapsed"": 186622, ""internal_node_id"": ""0.0-4.0-1.37"", ""trial_index"": 82}"
debugu6h6e:debugFOhOU,167,1530662889774,{}
debugu6h6e:debugFOhOU,168,1530662890025,"{""rt"": null, ""trial_type"": ""html-keyboard-response"", ""stimulus"": ""<div style=\""font-size:60px;\"">+</div>"", ""internal_node_id"": ""0.0-4.0-0.38"", ""test_part"": ""fixation"", ""time_elapsed"": 186873, ""key_press"": null, ""trial_index"": 83}"
debugu6h6e:debugFOhOU,169,1530662890025,{}
debugu6h6e:debugFOhOU,170,1530662898026,"{""rt"": null, ""trial_type"": ""image-button-response"", ""button_pressed"": null, ""stimulus"": ""static/images/abstract/mask-4-1936.jpg!PinterestLarge.jpg"", ""button_order"": [""-2"", ""-1"", ""0"", ""1"", ""2""], ""time_elapsed"": 194874, ""internal_node_id"": ""0.0-4.0-1.38"", ""trial_index"": 84}"
debugu6h6e:debugFOhOU,171,1530662898026,{}
debugu6h6e:debugFOhOU,172,1530662898280,"{""rt"": null, ""trial_type"": ""html-keyboard-response"", ""stimulus"": ""<div style=\""font-size:60px;\"">+</div>"", ""internal_node_id"": ""0.0-4.0-0.39"", ""test_part"": ""fixation"", ""time_elapsed"": 195128, ""key_press"": null, ""trial_index"": 85}"
debugu6h6e:debugFOhOU,173,1530662898280,{}
debugu6h6e:debugFOhOU,174,1530662906283,"{""rt"": null, ""trial_type"": ""image-button-response"", ""button_pressed"": null, ""stimulus"": ""static/images/cubism/fallen-figure-1939.jpg!PinterestLarge.jpg"", ""button_order"": [""-2"", ""-1"", ""0"", ""1"", ""2""], ""time_elapsed"": 203131, ""internal_node_id"": ""0.0-4.0-1.39"", ""trial_index"": 86}"
debugu6h6e:debugFOhOU,175,1530662906283,{}
debugu6h6e:debugFOhOU,176,1530662906533,"{""rt"": null, ""trial_type"": ""html-keyboard-response"", ""stimulus"": ""<div style=\""font-size:60px;\"">+</div>"", ""internal_node_id"": ""0.0-4.0-0.40"", ""test_part"": ""fixation"", ""time_elapsed"": 203381, ""key_press"": null, ""trial_index"": 87}"
debugu6h6e:debugFOhOU,177,1530662906533,{}
debugu6h6e:debugFOhOU,178,1530662914539,"{""rt"": null, ""trial_type"": ""image-button-response"", ""button_pressed"": null, ""stimulus"": ""static/images/leslie/54Claude_Monet.bmp"", ""button_order"": [""-2"", ""-1"", ""0"", ""1"", ""2""], ""time_elapsed"": 211387, ""internal_node_id"": ""0.0-4.0-1.40"", ""trial_index"": 88}"
debugu6h6e:debugFOhOU,179,1530662914539,{}
debugu6h6e:debugFOhOU,180,1530662914790,"{""rt"": null, ""trial_type"": ""html-keyboard-response"", ""stimulus"": ""<div style=\""font-size:60px;\"">+</div>"", ""internal_node_id"": ""0.0-4.0-0.41"", ""test_part"": ""fixation"", ""time_elapsed"": 211638, ""key_press"": null, ""trial_index"": 89}"
debugu6h6e:debugFOhOU,181,1530662914790,{}
debugu6h6e:debugFOhOU,182,1530662922790,"{""rt"": null, ""trial_type"": ""image-button-response"", ""button_pressed"": null, ""stimulus"": ""static/images/colorFields/untitled-sfe-020-lembark-i53-1984.jpg!PinterestLarge.jpg"", ""button_order"": [""-2"", ""-1"", ""0"", ""1"", ""2""], ""time_elapsed"": 219638, ""internal_node_id"": ""0.0-4.0-1.41"", ""trial_index"": 90}"
debugu6h6e:debugFOhOU,183,1530662922790,{}
debugu6h6e:debugFOhOU,184,1530662923042,"{""rt"": null, ""trial_type"": ""html-keyboard-response"", ""stimulus"": ""<div style=\""font-size:60px;\"">+</div>"", ""internal_node_id"": ""0.0-4.0-0.42"", ""test_part"": ""fixation"", ""time_elapsed"": 219890, ""key_press"": null, ""trial_index"": 91}"
debugu6h6e:debugFOhOU,185,1530662923042,{}
debugu6h6e:debugFOhOU,186,1530662931043,"{""rt"": null, ""trial_type"": ""image-button-response"", ""button_pressed"": null, ""stimulus"": ""static/images/cubism/machinery.jpg!PinterestLarge.jpg"", ""button_order"": [""-2"", ""-1"", ""0"", ""1"", ""2""], ""time_elapsed"": 227891, ""internal_node_id"": ""0.0-4.0-1.42"", ""trial_index"": 92}"
debugu6h6e:debugFOhOU,187,1530662931043,{}
debugu6h6e:debugFOhOU,188,1530662931297,"{""rt"": null, ""trial_type"": ""html-keyboard-response"", ""stimulus"": ""<div style=\""font-size:60px;\"">+</div>"", ""internal_node_id"": ""0.0-4.0-0.43"", ""test_part"": ""fixation"", ""time_elapsed"": 228145, ""key_press"": null, ""trial_index"": 93}"
debugu6h6e:debugFOhOU,189,1530662931297,{}
debugu6h6e:debugFOhOU,190,1530662939302,"{""rt"": null, ""trial_type"": ""image-button-response"", ""button_pressed"": null, ""stimulus"": ""static/images/impressionism/vene-ia-santa-maria-della-salute-1931.jpg!PinterestLarge.jpg"", ""button_order"": [""-2"", ""-1"", ""0"", ""1"", ""2""], ""time_elapsed"": 236150, ""internal_node_id"": ""0.0-4.0-1.43"", ""trial_index"": 94}"
debugu6h6e:debugFOhOU,191,1530662939302,{}
debugu6h6e:debugFOhOU,192,1530662939554,"{""rt"": null, ""trial_type"": ""html-keyboard-response"", ""stimulus"": ""<div style=\""font-size:60px;\"">+</div>"", ""internal_node_id"": ""0.0-4.0-0.44"", ""test_part"": ""fixation"", ""time_elapsed"": 236402, ""key_press"": null, ""trial_index"": 95}"
debugu6h6e:debugFOhOU,193,1530662939554,{}
debugu6h6e:debugFOhOU,194,1530662947557,"{""rt"": null, ""trial_type"": ""image-button-response"", ""button_pressed"": null, ""stimulus"": ""static/images/impressionism/the-tenth-street-studio-1915.jpg!PinterestLarge.jpg"", ""button_order"": [""-2"", ""-1"", ""0"", ""1"", ""2""], ""time_elapsed"": 244405, ""internal_node_id"": ""0.0-4.0-1.44"", ""trial_index"": 96}"
debugu6h6e:debugFOhOU,195,1530662947557,{}
debugu6h6e:debugFOhOU,196,1530662947811,"{""rt"": null, ""trial_type"": ""html-keyboard-response"", ""stimulus"": ""<div style=\""font-size:60px;\"">+</div>"", ""internal_node_id"": ""0.0-4.0-0.45"", ""test_part"": ""fixation"", ""time_elapsed"": 244659, ""key_press"": null, ""trial_index"": 97}"
debugu6h6e:debugFOhOU,197,1530662947811,{}
debugu6h6e:debugFOhOU,198,1530662955816,"{""rt"": null, ""trial_type"": ""image-button-response"", ""button_pressed"": null, ""stimulus"": ""static/images/cubism/portrait-dulcinea-1911.jpg!PinterestLarge.jpg"", ""button_order"": [""-2"", ""-1"", ""0"", ""1"", ""2""], ""time_elapsed"": 252664, ""internal_node_id"": ""0.0-4.0-1.45"", ""trial_index"": 98}"
debugu6h6e:debugFOhOU,199,1530662955816,{}
debugu6h6e:debugFOhOU,200,1530662956068,"{""rt"": null, ""trial_type"": ""html-keyboard-response"", ""stimulus"": ""<div style=\""font-size:60px;\"">+</div>"", ""internal_node_id"": ""0.0-4.0-0.46"", ""test_part"": ""fixation"", ""time_elapsed"": 252916, ""key_press"": null, ""trial_index"": 99}"
debugu6h6e:debugFOhOU,201,1530662956068,{}
debugu6h6e:debugFOhOU,202,1530662964072,"{""rt"": null, ""trial_type"": ""image-button-response"", ""button_pressed"": null, ""stimulus"": ""static/images/colorFields/867-97-vulcano-1997.jpg!PinterestLarge.jpg"", ""button_order"": [""-2"", ""-1"", ""0"", ""1"", ""2""], ""time_elapsed"": 260919, ""internal_node_id"": ""0.0-4.0-1.46"", ""trial_index"": 100}"
debugu6h6e:debugFOhOU,203,1530662964072,{}
debugu6h6e:debugFOhOU,204,1530662964324,"{""rt"": null, ""trial_type"": ""html-keyboard-response"", ""stimulus"": ""<div style=\""font-size:60px;\"">+</div>"", ""internal_node_id"": ""0.0-4.0-0.47"", ""test_part"": ""fixation"", ""time_elapsed"": 261172, ""key_press"": null, ""trial_index"": 101}"
debugu6h6e:debugFOhOU,205,1530662964324,{}
debugu6h6e:debugFOhOU,206,1530662972326,"{""rt"": null, ""trial_type"": ""image-button-response"", ""button_pressed"": null, ""stimulus"": ""static/images/colorFields/tdb.jpg!PinterestLarge.jpg"", ""button_order"": [""-2"", ""-1"", ""0"", ""1"", ""2""], ""time_elapsed"": 269174, ""internal_node_id"": ""0.0-4.0-1.47"", ""trial_index"": 102}"
debugu6h6e:debugFOhOU,207,1530662972326,{}
debugu6h6e:debugFOhOU,208,1530662972578,"{""rt"": null, ""trial_type"": ""html-keyboard-response"", ""stimulus"": ""<div style=\""font-size:60px;\"">+</div>"", ""internal_node_id"": ""0.0-4.0-0.48"", ""test_part"": ""fixation"", ""time_elapsed"": 269426, ""key_press"": null, ""trial_index"": 103}"
debugu6h6e:debugFOhOU,209,1530662972578,{}
debugu6h6e:debugFOhOU,210,1530662980581,"{""rt"": null, ""trial_type"": ""image-button-response"", ""button_pressed"": null, ""stimulus"": ""static/images/cubism/wild-garden-1959.jpg!PinterestLarge.jpg"", ""button_order"": [""-2"", ""-1"", ""0"", ""1"", ""2""], ""time_elapsed"": 277429, ""internal_node_id"": ""0.0-4.0-1.48"", ""trial_index"": 104}"
debugu6h6e:debugFOhOU,211,1530662980581,{}
debugu6h6e:debugFOhOU,212,1530662980837,"{""rt"": null, ""trial_type"": ""html-keyboard-response"", ""stimulus"": ""<div style=\""font-size:60px;\"">+</div>"", ""internal_node_id"": ""0.0-4.0-0.49"", ""test_part"": ""fixation"", ""time_elapsed"": 277685, ""key_press"": null, ""trial_index"": 105}"
debugu6h6e:debugFOhOU,213,1530662980837,{}
debugu6h6e:debugFOhOU,214,1530662988840,"{""rt"": null, ""trial_type"": ""image-button-response"", ""button_pressed"": null, ""stimulus"": ""static/images/abstract/study-for-improvisation-8-1909.jpg!PinterestLarge.jpg"", ""button_order"": [""-2"", ""-1"", ""0"", ""1"", ""2""], ""time_elapsed"": 285688, ""internal_node_id"": ""0.0-4.0-1.49"", ""trial_index"": 106}"
debugu6h6e:debugFOhOU,215,1530662988840,{}
debugu6h6e:debugFOhOU,216,1530662989094,"{""rt"": null, ""trial_type"": ""html-keyboard-response"", ""stimulus"": ""<div style=\""font-size:60px;\"">+</div>"", ""internal_node_id"": ""0.0-4.0-0.50"", ""test_part"": ""fixation"", ""time_elapsed"": 285942, ""key_press"": null, ""trial_index"": 107}"
debugu6h6e:debugFOhOU,217,1530662989094,{}
debugu6h6e:debugFOhOU,218,1530662997095,"{""rt"": null, ""trial_type"": ""image-button-response"", ""button_pressed"": null, ""stimulus"": ""static/images/leslie/70Vermeer_The_Girl_With_The_Pearl_Earring_(1665).bmp"", ""button_order"": [""-2"", ""-1"", ""0"", ""1"", ""2""], ""time_elapsed"": 293943, ""internal_node_id"": ""0.0-4.0-1.50"", ""trial_index"": 108}"
debugu6h6e:debugFOhOU,219,1530662997095,{}
debugu6h6e:debugFOhOU,220,1530662997348,"{""rt"": null, ""trial_type"": ""html-keyboard-response"", ""stimulus"": ""<div style=\""font-size:60px;\"">+</div>"", ""internal_node_id"": ""0.0-4.0-0.51"", ""test_part"": ""fixation"", ""time_elapsed"": 294196, ""key_press"": null, ""trial_index"": 109}"
debugu6h6e:debugFOhOU,221,1530662997348,{}
debugu6h6e:debugFOhOU,222,1530663005352,"{""rt"": null, ""trial_type"": ""image-button-response"", ""button_pressed"": null, ""stimulus"": ""static/images/leslie/72Hundertwasser-Blobs-Grow.bmp"", ""button_order"": [""-2"", ""-1"", ""0"", ""1"", ""2""], ""time_elapsed"": 302200, ""internal_node_id"": ""0.0-4.0-1.51"", ""trial_index"": 110}"
debugu6h6e:debugFOhOU,223,1530663005353,{}
debugu6h6e:debugFOhOU,224,1530663005607,"{""rt"": null, ""trial_type"": ""html-keyboard-response"", ""stimulus"": ""<div style=\""font-size:60px;\"">+</div>"", ""internal_node_id"": ""0.0-4.0-0.52"", ""test_part"": ""fixation"", ""time_elapsed"": 302455, ""key_press"": null, ""trial_index"": 111}"
debugu6h6e:debugFOhOU,225,1530663005607,{}
debugu6h6e:debugFOhOU,226,1530663013612,"{""rt"": null, ""trial_type"": ""image-button-response"", ""button_pressed"": null, ""stimulus"": ""static/images/leslie/89timthumb.bmp"", ""button_order"": [""-2"", ""-1"", ""0"", ""1"", ""2""], ""time_elapsed"": 310460, ""internal_node_id"": ""0.0-4.0-1.52"", ""trial_index"": 112}"
debugu6h6e:debugFOhOU,227,1530663013612,{}
debugu6h6e:debugFOhOU,228,1530663013867,"{""rt"": null, ""trial_type"": ""html-keyboard-response"", ""stimulus"": ""<div style=\""font-size:60px;\"">+</div>"", ""internal_node_id"": ""0.0-4.0-0.53"", ""test_part"": ""fixation"", ""time_elapsed"": 310715, ""key_press"": null, ""trial_index"": 113}"
debugu6h6e:debugFOhOU,229,1530663013867,{}
debugu6h6e:debugFOhOU,230,1530663021869,"{""rt"": null, ""trial_type"": ""image-button-response"", ""button_pressed"": null, ""stimulus"": ""static/images/colorFields/not_detected_242128.jpg!PinterestLarge.jpg"", ""button_order"": [""-2"", ""-1"", ""0"", ""1"", ""2""], ""time_elapsed"": 318716, ""internal_node_id"": ""0.0-4.0-1.53"", ""trial_index"": 114}"
debugu6h6e:debugFOhOU,231,1530663021869,{}
debugu6h6e:debugFOhOU,232,1530663022123,"{""rt"": null, ""trial_type"": ""html-keyboard-response"", ""stimulus"": ""<div style=\""font-size:60px;\"">+</div>"", ""internal_node_id"": ""0.0-4.0-0.54"", ""test_part"": ""fixation"", ""time_elapsed"": 318971, ""key_press"": null, ""trial_index"": 115}"
debugu6h6e:debugFOhOU,233,1530663022123,{}
debugu6h6e:debugFOhOU,234,1530663030127,"{""rt"": null, ""trial_type"": ""image-button-response"", ""button_pressed"": null, ""stimulus"": ""static/images/leslie/11manet_lemon.bmp"", ""button_order"": [""-2"", ""-1"", ""0"", ""1"", ""2""], ""time_elapsed"": 326974, ""internal_node_id"": ""0.0-4.0-1.54"", ""trial_index"": 116}"
debugu6h6e:debugFOhOU,235,1530663030127,{}
debugu6h6e:debugFOhOU,236,1530663030380,"{""rt"": null, ""trial_type"": ""html-keyboard-response"", ""stimulus"": ""<div style=\""font-size:60px;\"">+</div>"", ""internal_node_id"": ""0.0-4.0-0.55"", ""test_part"": ""fixation"", ""time_elapsed"": 327228, ""key_press"": null, ""trial_index"": 117}"
debugu6h6e:debugFOhOU,237,1530663030380,{}
debugu6h6e:debugFOhOU,238,1530663038385,"{""rt"": null, ""trial_type"": ""image-button-response"", ""button_pressed"": null, ""stimulus"": ""static/images/leslie/50Holbein-NikolausKratzer.bmp"", ""button_order"": [""-2"", ""-1"", ""0"", ""1"", ""2""], ""time_elapsed"": 335233, ""internal_node_id"": ""0.0-4.0-1.55"", ""trial_index"": 118}"
debugu6h6e:debugFOhOU,239,1530663038385,{}
debugu6h6e:debugFOhOU,240,1530663038638,"{""rt"": null, ""trial_type"": ""html-keyboard-response"", ""stimulus"": ""<div style=\""font-size:60px;\"">+</div>"", ""internal_node_id"": ""0.0-4.0-0.56"", ""test_part"": ""fixation"", ""time_elapsed"": 335486, ""key_press"": null, ""trial_index"": 119}"
debugu6h6e:debugFOhOU,241,1530663038639,{}
debugu6h6e:debugFOhOU,242,1530663046640,"{""rt"": null, ""trial_type"": ""image-button-response"", ""button_pressed"": null, ""stimulus"": ""static/images/colorFields/nexx-central-revisited-1996.jpg!PinterestLarge.jpg"", ""button_order"": [""-2"", ""-1"", ""0"", ""1"", ""2""], ""time_elapsed"": 343488, ""internal_node_id"": ""0.0-4.0-1.56"", ""trial_index"": 120}"
debugu6h6e:debugFOhOU,243,1530663046640,{}
debugu6h6e:debugFOhOU,244,1530663046893,"{""rt"": null, ""trial_type"": ""html-keyboard-response"", ""stimulus"": ""<div style=\""font-size:60px;\"">+</div>"", ""internal_node_id"": ""0.0-4.0-0.57"", ""test_part"": ""fixation"", ""time_elapsed"": 343741, ""key_press"": null, ""trial_index"": 121}"
debugu6h6e:debugFOhOU,245,1530663046893,{}
debugu6h6e:debugFOhOU,246,1530663054898,"{""rt"": null, ""trial_type"": ""image-button-response"", ""button_pressed"": null, ""stimulus"": ""static/images/impressionism/pink-bush-1906.jpg!PinterestLarge.jpg"", ""button_order"": [""-2"", ""-1"", ""0"", ""1"", ""2""], ""time_elapsed"": 351746, ""internal_node_id"": ""0.0-4.0-1.57"", ""trial_index"": 122}"
debugu6h6e:debugFOhOU,247,1530663054898,{}
debugu6h6e:debugFOhOU,248,1530663055150,"{""rt"": null, ""trial_type"": ""html-keyboard-response"", ""stimulus"": ""<div style=\""font-size:60px;\"">+</div>"", ""internal_node_id"": ""0.0-4.0-0.58"", ""test_part"": ""fixation"", ""time_elapsed"": 351998, ""key_press"": null, ""trial_index"": 123}"
debugu6h6e:debugFOhOU,249,1530663055150,{}
debugu6h6e:debugFOhOU,250,1530663063154,"{""rt"": null, ""trial_type"": ""image-button-response"", ""button_pressed"": null, ""stimulus"": ""static/images/cubism/dessert-1913.jpg!PinterestLarge.jpg"", ""button_order"": [""-2"", ""-1"", ""0"", ""1"", ""2""], ""time_elapsed"": 360002, ""internal_node_id"": ""0.0-4.0-1.58"", ""trial_index"": 124}"
debugu6h6e:debugFOhOU,251,1530663063154,{}
debugu6h6e:debugFOhOU,252,1530663063410,"{""rt"": null, ""trial_type"": ""html-keyboard-response"", ""stimulus"": ""<div style=\""font-size:60px;\"">+</div>"", ""internal_node_id"": ""0.0-4.0-0.59"", ""test_part"": ""fixation"", ""time_elapsed"": 360258, ""key_press"": null, ""trial_index"": 125}"
debugu6h6e:debugFOhOU,253,1530663063410,{}
debugu6h6e:debugFOhOU,254,1530663071414,"{""rt"": null, ""trial_type"": ""image-button-response"", ""button_pressed"": null, ""stimulus"": ""static/images/cubism/egg-beater-no-4-1928.jpg!PinterestLarge.jpg"", ""button_order"": [""-2"", ""-1"", ""0"", ""1"", ""2""], ""time_elapsed"": 368262, ""internal_node_id"": ""0.0-4.0-1.59"", ""trial_index"": 126}"
debugu6h6e:debugFOhOU,255,1530663071414,{}
debugu6h6e:debugFOhOU,256,1530663071669,"{""rt"": null, ""trial_type"": ""html-keyboard-response"", ""stimulus"": ""<div style=\""font-size:60px;\"">+</div>"", ""internal_node_id"": ""0.0-4.0-0.60"", ""test_part"": ""fixation"", ""time_elapsed"": 368517, ""key_press"": null, ""trial_index"": 127}"
debugu6h6e:debugFOhOU,257,1530663071669,{}
debugu6h6e:debugFOhOU,258,1530663079674,"{""rt"": null, ""trial_type"": ""image-button-response"", ""button_pressed"": null, ""stimulus"": ""static/images/abstract/painterly-architectonic-3.jpg!PinterestLarge.jpg"", ""button_order"": [""-2"", ""-1"", ""0"", ""1"", ""2""], ""time_elapsed"": 376522, ""internal_node_id"": ""0.0-4.0-1.60"", ""trial_index"": 128}"
debugu6h6e:debugFOhOU,259,1530663079674,{}
debugu6h6e:debugFOhOU,260,1530663079927,"{""rt"": null, ""trial_type"": ""html-keyboard-response"", ""stimulus"": ""<div style=\""font-size:60px;\"">+</div>"", ""internal_node_id"": ""0.0-4.0-0.61"", ""test_part"": ""fixation"", ""time_elapsed"": 376775, ""key_press"": null, ""trial_index"": 129}"
debugu6h6e:debugFOhOU,261,1530663079927,{}
debugu6h6e:debugFOhOU,262,1530663087932,"{""rt"": null, ""trial_type"": ""image-button-response"", ""button_pressed"": null, ""stimulus"": ""static/images/leslie/62Munch-The_Scream.bmp"", ""button_order"": [""-2"", ""-1"", ""0"", ""1"", ""2""], ""time_elapsed"": 384780, ""internal_node_id"": ""0.0-4.0-1.61"", ""trial_index"": 130}"
debugu6h6e:debugFOhOU,263,1530663087932,{}
debugu6h6e:debugFOhOU,264,1530663088186,"{""rt"": null, ""trial_type"": ""html-keyboard-response"", ""stimulus"": ""<div style=\""font-size:60px;\"">+</div>"", ""internal_node_id"": ""0.0-4.0-0.62"", ""test_part"": ""fixation"", ""time_elapsed"": 385034, ""key_press"": null, ""trial_index"": 131}"
debugu6h6e:debugFOhOU,265,1530663088186,{}
debugu6h6e:debugFOhOU,266,1530663096190,"{""rt"": null, ""trial_type"": ""image-button-response"", ""button_pressed"": null, ""stimulus"": ""static/images/colorFields/hydra-1981.jpg!PinterestLarge.jpg"", ""button_order"": [""-2"", ""-1"", ""0"", ""1"", ""2""], ""time_elapsed"": 393038, ""internal_node_id"": ""0.0-4.0-1.62"", ""trial_index"": 132}"
debugu6h6e:debugFOhOU,267,1530663096190,{}
debugu6h6e:debugFOhOU,268,1530663096445,"{""rt"": null, ""trial_type"": ""html-keyboard-response"", ""stimulus"": ""<div style=\""font-size:60px;\"">+</div>"", ""internal_node_id"": ""0.0-4.0-0.63"", ""test_part"": ""fixation"", ""time_elapsed"": 393293, ""key_press"": null, ""trial_index"": 133}"
debugu6h6e:debugFOhOU,269,1530663096446,{}
debugu6h6e:debugFOhOU,270,1530663104449,"{""rt"": null, ""trial_type"": ""image-button-response"", ""button_pressed"": null, ""stimulus"": ""static/images/colorFields/untitled-1971.jpg!PinterestLarge(3).jpg"", ""button_order"": [""-2"", ""-1"", ""0"", ""1"", ""2""], ""time_elapsed"": 401297, ""internal_node_id"": ""0.0-4.0-1.63"", ""trial_index"": 134}"
debugu6h6e:debugFOhOU,271,1530663104449,{}
debugu6h6e:debugFOhOU,272,1530663104700,"{""rt"": null, ""trial_type"": ""html-keyboard-response"", ""stimulus"": ""<div style=\""font-size:60px;\"">+</div>"", ""internal_node_id"": ""0.0-4.0-0.64"", ""test_part"": ""fixation"", ""time_elapsed"": 401548, ""key_press"": null, ""trial_index"": 135}"
debugu6h6e:debugFOhOU,273,1530663104700,{}
debugu6h6e:debugFOhOU,274,1530663112702,"{""rt"": null, ""trial_type"": ""image-button-response"", ""button_pressed"": null, ""stimulus"": ""static/images/impressionism/port-of-dieppe-evening.jpg!PinterestLarge.jpg"", ""button_order"": [""-2"", ""-1"", ""0"", ""1"", ""2""], ""time_elapsed"": 409550, ""internal_node_id"": ""0.0-4.0-1.64"", ""trial_index"": 136}"
debugu6h6e:debugFOhOU,275,1530663112702,{}
debugu6h6e:debugFOhOU,276,1530663112952,"{""rt"": null, ""trial_type"": ""html-keyboard-response"", ""stimulus"": ""<div style=\""font-size:60px;\"">+</div>"", ""internal_node_id"": ""0.0-4.0-0.65"", ""test_part"": ""fixation"", ""time_elapsed"": 409800, ""key_press"": null, ""trial_index"": 137}"
debugu6h6e:debugFOhOU,277,1530663112952,{}
debugu6h6e:debugFOhOU,278,1530663120956,"{""rt"": null, ""trial_type"": ""image-button-response"", ""button_pressed"": null, ""stimulus"": ""static/images/abstract/ezinor-1949.jpg!PinterestLarge.jpg"", ""button_order"": [""-2"", ""-1"", ""0"", ""1"", ""2""], ""time_elapsed"": 417804, ""internal_node_id"": ""0.0-4.0-1.65"", ""trial_index"": 138}"
debugu6h6e:debugFOhOU,279,1530663120957,{}
debugu6h6e:debugFOhOU,280,1530663121212,"{""rt"": null, ""trial_type"": ""html-keyboard-response"", ""stimulus"": ""<div style=\""font-size:60px;\"">+</div>"", ""internal_node_id"": ""0.0-4.0-0.66"", ""test_part"": ""fixation"", ""time_elapsed"": 418060, ""key_press"": null, ""trial_index"": 139}"
debugu6h6e:debugFOhOU,281,1530663121212,{}
debugu6h6e:debugFOhOU,282,1530663129214,"{""rt"": null, ""trial_type"": ""image-button-response"", ""button_pressed"": null, ""stimulus"": ""static/images/abstract/composition-1933.jpg!PinterestLarge(1).jpg"", ""button_order"": [""-2"", ""-1"", ""0"", ""1"", ""2""], ""time_elapsed"": 426062, ""internal_node_id"": ""0.0-4.0-1.66"", ""trial_index"": 140}"
debugu6h6e:debugFOhOU,283,1530663129214,{}
debugu6h6e:debugFOhOU,284,1530663129466,"{""rt"": null, ""trial_type"": ""html-keyboard-response"", ""stimulus"": ""<div style=\""font-size:60px;\"">+</div>"", ""internal_node_id"": ""0.0-4.0-0.67"", ""test_part"": ""fixation"", ""time_elapsed"": 426314, ""key_press"": null, ""trial_index"": 141}"
debugu6h6e:debugFOhOU,285,1530663129466,{}
debugu6h6e:debugFOhOU,286,1530663137469,"{""rt"": null, ""trial_type"": ""image-button-response"", ""button_pressed"": null, ""stimulus"": ""static/images/cubism/a-red-pedestal-1942.jpg!PinterestLarge.jpg"", ""button_order"": [""-2"", ""-1"", ""0"", ""1"", ""2""], ""time_elapsed"": 434317, ""internal_node_id"": ""0.0-4.0-1.67"", ""trial_index"": 142}"
debugu6h6e:debugFOhOU,287,1530663137470,{}
debugu6h6e:debugFOhOU,288,1530663137721,"{""rt"": null, ""trial_type"": ""html-keyboard-response"", ""stimulus"": ""<div style=\""font-size:60px;\"">+</div>"", ""internal_node_id"": ""0.0-4.0-0.68"", ""test_part"": ""fixation"", ""time_elapsed"": 434569, ""key_press"": null, ""trial_index"": 143}"
debugu6h6e:debugFOhOU,289,1530663137721,{}
debugu6h6e:debugFOhOU,290,1530663145723,"{""rt"": null, ""trial_type"": ""image-button-response"", ""button_pressed"": null, ""stimulus"": ""static/images/cubism/head-1918.jpg!PinterestLarge.jpg"", ""button_order"": [""-2"", ""-1"", ""0"", ""1"", ""2""], ""time_elapsed"": 442571, ""internal_node_id"": ""0.0-4.0-1.68"", ""trial_index"": 144}"
debugu6h6e:debugFOhOU,291,1530663145723,{}
debugu6h6e:debugFOhOU,292,1530663145978,"{""rt"": null, ""trial_type"": ""html-keyboard-response"", ""stimulus"": ""<div style=\""font-size:60px;\"">+</div>"", ""internal_node_id"": ""0.0-4.0-0.69"", ""test_part"": ""fixation"", ""time_elapsed"": 442826, ""key_press"": null, ""trial_index"": 145}"
debugu6h6e:debugFOhOU,293,1530663145978,{}
debugu6h6e:debugFOhOU,294,1530663153984,"{""rt"": null, ""trial_type"": ""image-button-response"", ""button_pressed"": null, ""stimulus"": ""static/images/colorFields/duo-1965.jpg!PinterestLarge.jpg"", ""button_order"": [""-2"", ""-1"", ""0"", ""1"", ""2""], ""time_elapsed"": 450832, ""internal_node_id"": ""0.0-4.0-1.69"", ""trial_index"": 146}"
debugu6h6e:debugFOhOU,295,1530663153984,{}
debugu6h6e:debugFOhOU,296,1530663154237,"{""rt"": null, ""trial_type"": ""html-keyboard-response"", ""stimulus"": ""<div style=\""font-size:60px;\"">+</div>"", ""internal_node_id"": ""0.0-4.0-0.70"", ""test_part"": ""fixation"", ""time_elapsed"": 451085, ""key_press"": null, ""trial_index"": 147}"
debugu6h6e:debugFOhOU,297,1530663154237,{}
debugu6h6e:debugFOhOU,298,1530663162243,"{""rt"": null, ""trial_type"": ""image-button-response"", ""button_pressed"": null, ""stimulus"": ""static/images/colorFields/concerto-1975.jpg!PinterestLarge.jpg"", ""button_order"": [""-2"", ""-1"", ""0"", ""1"", ""2""], ""time_elapsed"": 459091, ""internal_node_id"": ""0.0-4.0-1.70"", ""trial_index"": 148}"
debugu6h6e:debugFOhOU,299,1530663162243,{}
debugu6h6e:debugFOhOU,300,1530663162496,"{""rt"": null, ""trial_type"": ""html-keyboard-response"", ""stimulus"": ""<div style=\""font-size:60px;\"">+</div>"", ""internal_node_id"": ""0.0-4.0-0.71"", ""test_part"": ""fixation"", ""time_elapsed"": 459344, ""key_press"": null, ""trial_index"": 149}"
debugu6h6e:debugFOhOU,301,1530663162496,{}
debugu6h6e:debugFOhOU,302,1530663170499,"{""rt"": null, ""trial_type"": ""image-button-response"", ""button_pressed"": null, ""stimulus"": ""static/images/leslie/35Chagal-IAndTheVillage.bmp"", ""button_order"": [""-2"", ""-1"", ""0"", ""1"", ""2""], ""time_elapsed"": 467347, ""internal_node_id"": ""0.0-4.0-1.71"", ""trial_index"": 150}"
debugu6h6e:debugFOhOU,303,1530663170499,{}
debugu6h6e:debugFOhOU,304,1530663170750,"{""rt"": null, ""trial_type"": ""html-keyboard-response"", ""stimulus"": ""<div style=\""font-size:60px;\"">+</div>"", ""internal_node_id"": ""0.0-4.0-0.72"", ""test_part"": ""fixation"", ""time_elapsed"": 467598, ""key_press"": null, ""trial_index"": 151}"
debugu6h6e:debugFOhOU,305,1530663170750,{}
debugu6h6e:debugFOhOU,306,1530663178753,"{""rt"": null, ""trial_type"": ""image-button-response"", ""button_pressed"": null, ""stimulus"": ""static/images/leslie/99dolphin-and-sun-1000.bmp"", ""button_order"": [""-2"", ""-1"", ""0"", ""1"", ""2""], ""time_elapsed"": 475600, ""internal_node_id"": ""0.0-4.0-1.72"", ""trial_index"": 152}"
debugu6h6e:debugFOhOU,307,1530663178753,{}
debugu6h6e:debugFOhOU,308,1530663179005,"{""rt"": null, ""trial_type"": ""html-keyboard-response"", ""stimulus"": ""<div style=\""font-size:60px;\"">+</div>"", ""internal_node_id"": ""0.0-4.0-0.73"", ""test_part"": ""fixation"", ""time_elapsed"": 475853, ""key_press"": null, ""trial_index"": 153}"
debugu6h6e:debugFOhOU,309,1530663179005,{}
debugu6h6e:debugFOhOU,310,1530663187012,"{""rt"": null, ""trial_type"": ""image-button-response"", ""button_pressed"": null, ""stimulus"": ""static/images/impressionism/summertime.jpg!PinterestLarge.jpg"", ""button_order"": [""-2"", ""-1"", ""0"", ""1"", ""2""], ""time_elapsed"": 483860, ""internal_node_id"": ""0.0-4.0-1.73"", ""trial_index"": 154}"
debugu6h6e:debugFOhOU,311,1530663187012,{}
debugu6h6e:debugFOhOU,312,1530663187266,"{""rt"": null, ""trial_type"": ""html-keyboard-response"", ""stimulus"": ""<div style=\""font-size:60px;\"">+</div>"", ""internal_node_id"": ""0.0-4.0-0.74"", ""test_part"": ""fixation"", ""time_elapsed"": 484114, ""key_press"": null, ""trial_index"": 155}"
debugu6h6e:debugFOhOU,313,1530663187267,{}
debugu6h6e:debugFOhOU,314,1530663195269,"{""rt"": null, ""trial_type"": ""image-button-response"", ""button_pressed"": null, ""stimulus"": ""static/images/impressionism/crimea-yayla.jpg!PinterestLarge.jpg"", ""button_order"": [""-2"", ""-1"", ""0"", ""1"", ""2""], ""time_elapsed"": 492117, ""internal_node_id"": ""0.0-4.0-1.74"", ""trial_index"": 156}"
debugu6h6e:debugFOhOU,315,1530663195269,{}
debugu6h6e:debugFOhOU,316,1530663195522,"{""rt"": null, ""trial_type"": ""html-keyboard-response"", ""stimulus"": ""<div style=\""font-size:60px;\"">+</div>"", ""internal_node_id"": ""0.0-4.0-0.75"", ""test_part"": ""fixation"", ""time_elapsed"": 492370, ""key_press"": null, ""trial_index"": 157}"
debugu6h6e:debugFOhOU,317,1530663195522,{}
debugu6h6e:debugFOhOU,318,1530663203524,"{""rt"": null, ""trial_type"": ""image-button-response"", ""button_pressed"": null, ""stimulus"": ""static/images/leslie/158appleoil.bmp"", ""button_order"": [""-2"", ""-1"", ""0"", ""1"", ""2""], ""time_elapsed"": 500372, ""internal_node_id"": ""0.0-4.0-1.75"", ""trial_index"": 158}"
debugu6h6e:debugFOhOU,319,1530663203524,{}
debugu6h6e:debugFOhOU,320,1530663203777,"{""rt"": null, ""trial_type"": ""html-keyboard-response"", ""stimulus"": ""<div style=\""font-size:60px;\"">+</div>"", ""internal_node_id"": ""0.0-4.0-0.76"", ""test_part"": ""fixation"", ""time_elapsed"": 500625, ""key_press"": null, ""trial_index"": 159}"
debugu6h6e:debugFOhOU,321,1530663203777,{}
debugu6h6e:debugFOhOU,322,1530663211780,"{""rt"": null, ""trial_type"": ""image-button-response"", ""button_pressed"": null, ""stimulus"": ""static/images/impressionism/scene-along-a-dutch-river.jpg!PinterestLarge.jpg"", ""button_order"": [""-2"", ""-1"", ""0"", ""1"", ""2""], ""time_elapsed"": 508628, ""internal_node_id"": ""0.0-4.0-1.76"", ""trial_index"": 160}"
debugu6h6e:debugFOhOU,323,1530663211780,{}
debugu6h6e:debugFOhOU,324,1530663212034,"{""rt"": null, ""trial_type"": ""html-keyboard-response"", ""stimulus"": ""<div style=\""font-size:60px;\"">+</div>"", ""internal_node_id"": ""0.0-4.0-0.77"", ""test_part"": ""fixation"", ""time_elapsed"": 508882, ""key_press"": null, ""trial_index"": 161}"
debugu6h6e:debugFOhOU,325,1530663212034,{}
debugu6h6e:debugFOhOU,326,1530663220035,"{""rt"": null, ""trial_type"": ""image-button-response"", ""button_pressed"": null, ""stimulus"": ""static/images/abstract/the-last-judgment-1912.jpg!PinterestLarge.jpg"", ""button_order"": [""-2"", ""-1"", ""0"", ""1"", ""2""], ""time_elapsed"": 516883, ""internal_node_id"": ""0.0-4.0-1.77"", ""trial_index"": 162}"
debugu6h6e:debugFOhOU,327,1530663220035,{}
debugu6h6e:debugFOhOU,328,1530663220288,"{""rt"": null, ""trial_type"": ""html-keyboard-response"", ""stimulus"": ""<div style=\""font-size:60px;\"">+</div>"", ""internal_node_id"": ""0.0-4.0-0.78"", ""test_part"": ""fixation"", ""time_elapsed"": 517136, ""key_press"": null, ""trial_index"": 163}"
debugu6h6e:debugFOhOU,329,1530663220288,{}
debugu6h6e:debugFOhOU,330,1530663228290,"{""rt"": null, ""trial_type"": ""image-button-response"", ""button_pressed"": null, ""stimulus"": ""static/images/impressionism/rowlandson-house-sunset-1912.jpg!PinterestLarge.jpg"", ""button_order"": [""-2"", ""-1"", ""0"", ""1"", ""2""], ""time_elapsed"": 525138, ""internal_node_id"": ""0.0-4.0-1.78"", ""trial_index"": 164}"
debugu6h6e:debugFOhOU,331,1530663228290,{}
debugu6h6e:debugFOhOU,332,1530663228543,"{""rt"": null, ""trial_type"": ""html-keyboard-response"", ""stimulus"": ""<div style=\""font-size:60px;\"">+</div>"", ""internal_node_id"": ""0.0-4.0-0.79"", ""test_part"": ""fixation"", ""time_elapsed"": 525391, ""key_press"": null, ""trial_index"": 165}"
debugu6h6e:debugFOhOU,333,1530663228543,{}
debugu6h6e:debugFOhOU,334,1530663236548,"{""rt"": null, ""trial_type"": ""image-button-response"", ""button_pressed"": null, ""stimulus"": ""static/images/cubism/spanish-dancers.jpg!PinterestLarge.jpg"", ""button_order"": [""-2"", ""-1"", ""0"", ""1"", ""2""], ""time_elapsed"": 533396, ""internal_node_id"": ""0.0-4.0-1.79"", ""trial_index"": 166}"
debugu6h6e:debugFOhOU,335,1530663236548,{}
debugu6h6e:debugFOhOU,336,1530663236799,"{""rt"": null, ""trial_type"": ""html-keyboard-response"", ""stimulus"": ""<div style=\""font-size:60px;\"">+</div>"", ""internal_node_id"": ""0.0-4.0-0.80"", ""test_part"": ""fixation"", ""time_elapsed"": 533647, ""key_press"": null, ""trial_index"": 167}"
debugu6h6e:debugFOhOU,337,1530663236799,{}
debugu6h6e:debugFOhOU,338,1530663244804,"{""rt"": null, ""trial_type"": ""image-button-response"", ""button_pressed"": null, ""stimulus"": ""static/images/abstract/komposition-1919.jpg!PinterestLarge.jpg"", ""button_order"": [""-2"", ""-1"", ""0"", ""1"", ""2""], ""time_elapsed"": 541652, ""internal_node_id"": ""0.0-4.0-1.80"", ""trial_index"": 168}"
debugu6h6e:debugFOhOU,339,1530663244804,{}
debugu6h6e:debugFOhOU,340,1530663245058,"{""rt"": null, ""trial_type"": ""html-keyboard-response"", ""stimulus"": ""<div style=\""font-size:60px;\"">+</div>"", ""internal_node_id"": ""0.0-4.0-0.81"", ""test_part"": ""fixation"", ""time_elapsed"": 541906, ""key_press"": null, ""trial_index"": 169}"
debugu6h6e:debugFOhOU,341,1530663245058,{}
debugu6h6e:debugFOhOU,342,1530663253060,"{""rt"": null, ""trial_type"": ""image-button-response"", ""button_pressed"": null, ""stimulus"": ""static/images/abstract/not-detected-4.jpg!PinterestLarge.jpg"", ""button_order"": [""-2"", ""-1"", ""0"", ""1"", ""2""], ""time_elapsed"": 549908, ""internal_node_id"": ""0.0-4.0-1.81"", ""trial_index"": 170}"
debugu6h6e:debugFOhOU,343,1530663253060,{}
debugu6h6e:debugFOhOU,344,1530663253315,"{""rt"": null, ""trial_type"": ""html-keyboard-response"", ""stimulus"": ""<div style=\""font-size:60px;\"">+</div>"", ""internal_node_id"": ""0.0-4.0-0.82"", ""test_part"": ""fixation"", ""time_elapsed"": 550163, ""key_press"": null, ""trial_index"": 171}"
debugu6h6e:debugFOhOU,345,1530663253315,{}
debugu6h6e:debugFOhOU,346,1530663261320,"{""rt"": null, ""trial_type"": ""image-button-response"", ""button_pressed"": null, ""stimulus"": ""static/images/colorFields/beta-lambda-1961.jpg!PinterestLarge.jpg"", ""button_order"": [""-2"", ""-1"", ""0"", ""1"", ""2""], ""time_elapsed"": 558168, ""internal_node_id"": ""0.0-4.0-1.82"", ""trial_index"": 172}"
debugu6h6e:debugFOhOU,347,1530663261320,{}
debugu6h6e:debugFOhOU,348,1530663261574,"{""rt"": null, ""trial_type"": ""html-keyboard-response"", ""stimulus"": ""<div style=\""font-size:60px;\"">+</div>"", ""internal_node_id"": ""0.0-4.0-0.83"", ""test_part"": ""fixation"", ""time_elapsed"": 558422, ""key_press"": null, ""trial_index"": 173}"
debugu6h6e:debugFOhOU,349,1530663261574,{}
debugu6h6e:debugFOhOU,350,1530663269576,"{""rt"": null, ""trial_type"": ""image-button-response"", ""button_pressed"": null, ""stimulus"": ""static/images/impressionism/portrait-of-poly-fisherman-at-kervillaouen.jpg!PinterestLarge.jpg"", ""button_order"": [""-2"", ""-1"", ""0"", ""1"", ""2""], ""time_elapsed"": 566424, ""internal_node_id"": ""0.0-4.0-1.83"", ""trial_index"": 174}"
debugu6h6e:debugFOhOU,351,1530663269576,{}
debugu6h6e:debugFOhOU,352,1530663269830,"{""rt"": null, ""trial_type"": ""html-keyboard-response"", ""stimulus"": ""<div style=\""font-size:60px;\"">+</div>"", ""internal_node_id"": ""0.0-4.0-0.84"", ""test_part"": ""fixation"", ""time_elapsed"": 566677, ""key_press"": null, ""trial_index"": 175}"
debugu6h6e:debugFOhOU,353,1530663269830,{}
debugu6h6e:debugFOhOU,354,1530663277833,"{""rt"": null, ""trial_type"": ""image-button-response"", ""button_pressed"": null, ""stimulus"": ""static/images/impressionism/place-de-l-opera-caf-de-la-paix.jpg!PinterestLarge.jpg"", ""button_order"": [""-2"", ""-1"", ""0"", ""1"", ""2""], ""time_elapsed"": 574681, ""internal_node_id"": ""0.0-4.0-1.84"", ""trial_index"": 176}"
debugu6h6e:debugFOhOU,355,1530663277833,{}
debugu6h6e:debugFOhOU,356,1530663278087,"{""rt"": null, ""trial_type"": ""html-keyboard-response"", ""stimulus"": ""<div style=\""font-size:60px;\"">+</div>"", ""internal_node_id"": ""0.0-4.0-0.85"", ""test_part"": ""fixation"", ""time_elapsed"": 574935, ""key_press"": null, ""trial_index"": 177}"
debugu6h6e:debugFOhOU,357,1530663278087,{}
debugu6h6e:debugFOhOU,358,1530663286089,"{""rt"": null, ""trial_type"": ""image-button-response"", ""button_pressed"": null, ""stimulus"": ""static/images/impressionism/strong-wind-gust-of-wind.jpg!PinterestLarge.jpg"", ""button_order"": [""-2"", ""-1"", ""0"", ""1"", ""2""], ""time_elapsed"": 582937, ""internal_node_id"": ""0.0-4.0-1.85"", ""trial_index"": 178}"
debugu6h6e:debugFOhOU,359,1530663286089,{}
debugu6h6e:debugFOhOU,360,1530663286342,"{""rt"": null, ""trial_type"": ""html-keyboard-response"", ""stimulus"": ""<div style=\""font-size:60px;\"">+</div>"", ""internal_node_id"": ""0.0-4.0-0.86"", ""test_part"": ""fixation"", ""time_elapsed"": 583190, ""key_press"": null, ""trial_index"": 179}"
debugu6h6e:debugFOhOU,361,1530663286342,{}
debugu6h6e:debugFOhOU,362,1530663294348,"{""rt"": null, ""trial_type"": ""image-button-response"", ""button_pressed"": null, ""stimulus"": ""static/images/cubism/pink-figure-wizard.jpg!PinterestLarge.jpg"", ""button_order"": [""-2"", ""-1"", ""0"", ""1"", ""2""], ""time_elapsed"": 591196, ""internal_node_id"": ""0.0-4.0-1.86"", ""trial_index"": 180}"
debugu6h6e:debugFOhOU,363,1530663294348,{}
debugu6h6e:debugFOhOU,364,1530663294601,"{""rt"": null, ""trial_type"": ""html-keyboard-response"", ""stimulus"": ""<div style=\""font-size:60px;\"">+</div>"", ""internal_node_id"": ""0.0-4.0-0.87"", ""test_part"": ""fixation"", ""time_elapsed"": 591449, ""key_press"": null, ""trial_index"": 181}"
debugu6h6e:debugFOhOU,365,1530663294601,{}
debugu6h6e:debugFOhOU,366,1530663302607,"{""rt"": null, ""trial_type"": ""image-button-response"", ""button_pressed"": null, ""stimulus"": ""static/images/leslie/104Strawberries_oil_painting_by_belka10.bmp"", ""button_order"": [""-2"", ""-1"", ""0"", ""1"", ""2""], ""time_elapsed"": 599455, ""internal_node_id"": ""0.0-4.0-1.87"", ""trial_index"": 182}"
debugu6h6e:debugFOhOU,367,1530663302607,{}
debugu6h6e:debugFOhOU,368,1530663302862,"{""rt"": null, ""trial_type"": ""html-keyboard-response"", ""stimulus"": ""<div style=\""font-size:60px;\"">+</div>"", ""internal_node_id"": ""0.0-4.0-0.88"", ""test_part"": ""fixation"", ""time_elapsed"": 599710, ""key_press"": null, ""trial_index"": 183}"
debugu6h6e:debugFOhOU,369,1530663302862,{}
debugu6h6e:debugFOhOU,370,1530663310866,"{""rt"": null, ""trial_type"": ""image-button-response"", ""button_pressed"": null, ""stimulus"": ""static/images/abstract/sur-fond-gris-n-10-1963.jpg!PinterestLarge.jpg"", ""button_order"": [""-2"", ""-1"", ""0"", ""1"", ""2""], ""time_elapsed"": 607714, ""internal_node_id"": ""0.0-4.0-1.88"", ""trial_index"": 184}"
debugu6h6e:debugFOhOU,371,1530663310867,{}
debugu6h6e:debugFOhOU,372,1530663311123,"{""rt"": null, ""trial_type"": ""html-keyboard-response"", ""stimulus"": ""<div style=\""font-size:60px;\"">+</div>"", ""internal_node_id"": ""0.0-4.0-0.89"", ""test_part"": ""fixation"", ""time_elapsed"": 607971, ""key_press"": null, ""trial_index"": 185}"
debugu6h6e:debugFOhOU,373,1530663311123,{}
debugu6h6e:debugFOhOU,374,1530663319125,"{""rt"": null, ""trial_type"": ""image-button-response"", ""button_pressed"": null, ""stimulus"": ""static/images/cubism/vytautas-kairiukstis-kubistinis-portretas-imagelarge.jpg!PinterestLarge.jpg"", ""button_order"": [""-2"", ""-1"", ""0"", ""1"", ""2""], ""time_elapsed"": 615973, ""internal_node_id"": ""0.0-4.0-1.89"", ""trial_index"": 186}"
debugu6h6e:debugFOhOU,375,1530663319125,{}
debugu6h6e:debugFOhOU,376,1530663319379,"{""rt"": null, ""trial_type"": ""html-keyboard-response"", ""stimulus"": ""<div style=\""font-size:60px;\"">+</div>"", ""internal_node_id"": ""0.0-4.0-0.90"", ""test_part"": ""fixation"", ""time_elapsed"": 616227, ""key_press"": null, ""trial_index"": 187}"
debugu6h6e:debugFOhOU,377,1530663319379,{}
debugu6h6e:debugFOhOU,378,1530663327382,"{""rt"": null, ""trial_type"": ""image-button-response"", ""button_pressed"": null, ""stimulus"": ""static/images/abstract/the-western-wall.jpg!PinterestLarge.jpg"", ""button_order"": [""-2"", ""-1"", ""0"", ""1"", ""2""], ""time_elapsed"": 624229, ""internal_node_id"": ""0.0-4.0-1.90"", ""trial_index"": 188}"
debugu6h6e:debugFOhOU,379,1530663327382,{}
debugu6h6e:debugFOhOU,380,1530663327637,"{""rt"": null, ""trial_type"": ""html-keyboard-response"", ""stimulus"": ""<div style=\""font-size:60px;\"">+</div>"", ""internal_node_id"": ""0.0-4.0-0.91"", ""test_part"": ""fixation"", ""time_elapsed"": 624485, ""key_press"": null, ""trial_index"": 189}"
debugu6h6e:debugFOhOU,381,1530663327637,{}
debugu6h6e:debugFOhOU,382,1530663335640,"{""rt"": null, ""trial_type"": ""image-button-response"", ""button_pressed"": null, ""stimulus"": ""static/images/colorFields/untitled-no-184-2001.jpg!PinterestLarge.jpg"", ""button_order"": [""-2"", ""-1"", ""0"", ""1"", ""2""], ""time_elapsed"": 632488, ""internal_node_id"": ""0.0-4.0-1.91"", ""trial_index"": 190}"
debugu6h6e:debugFOhOU,383,1530663335641,{}
debugu6h6e:debugFOhOU,384,1530663335895,"{""rt"": null, ""trial_type"": ""html-keyboard-response"", ""stimulus"": ""<div style=\""font-size:60px;\"">+</div>"", ""internal_node_id"": ""0.0-4.0-0.92"", ""test_part"": ""fixation"", ""time_elapsed"": 632743, ""key_press"": null, ""trial_index"": 191}"
debugu6h6e:debugFOhOU,385,1530663335895,{}
debugu6h6e:debugFOhOU,386,1530663343902,"{""rt"": null, ""trial_type"": ""image-button-response"", ""button_pressed"": null, ""stimulus"": ""static/images/colorFields/silvio-set-one-1963.jpg!PinterestLarge.jpg"", ""button_order"": [""-2"", ""-1"", ""0"", ""1"", ""2""], ""time_elapsed"": 640749, ""internal_node_id"": ""0.0-4.0-1.92"", ""trial_index"": 192}"
debugu6h6e:debugFOhOU,387,1530663343902,{}
debugu6h6e:debugFOhOU,388,1530663344156,"{""rt"": null, ""trial_type"": ""html-keyboard-response"", ""stimulus"": ""<div style=\""font-size:60px;\"">+</div>"", ""internal_node_id"": ""0.0-4.0-0.93"", ""test_part"": ""fixation"", ""time_elapsed"": 641004, ""key_press"": null, ""trial_index"": 193}"
debugu6h6e:debugFOhOU,389,1530663344156,{}
debugu6h6e:debugFOhOU,390,1530663352161,"{""rt"": null, ""trial_type"": ""image-button-response"", ""button_pressed"": null, ""stimulus"": ""static/images/impressionism/valea-agapiei-1915.jpg!PinterestLarge.jpg"", ""button_order"": [""-2"", ""-1"", ""0"", ""1"", ""2""], ""time_elapsed"": 649009, ""internal_node_id"": ""0.0-4.0-1.93"", ""trial_index"": 194}"
debugu6h6e:debugFOhOU,391,1530663352162,{}
debugu6h6e:debugFOhOU,392,1530663352415,"{""rt"": null, ""trial_type"": ""html-keyboard-response"", ""stimulus"": ""<div style=\""font-size:60px;\"">+</div>"", ""internal_node_id"": ""0.0-4.0-0.94"", ""test_part"": ""fixation"", ""time_elapsed"": 649263, ""key_press"": null, ""trial_index"": 195}"
debugu6h6e:debugFOhOU,393,1530663352415,{}
debugu6h6e:debugFOhOU,394,1530663360420,"{""rt"": null, ""trial_type"": ""image-button-response"", ""button_pressed"": null, ""stimulus"": ""static/images/impressionism/strand-in-trouville-1863.jpg!PinterestLarge.jpg"", ""button_order"": [""-2"", ""-1"", ""0"", ""1"", ""2""], ""time_elapsed"": 657268, ""internal_node_id"": ""0.0-4.0-1.94"", ""trial_index"": 196}"
debugu6h6e:debugFOhOU,395,1530663360420,{}
debugu6h6e:debugFOhOU,396,1530663360676,"{""rt"": null, ""trial_type"": ""html-keyboard-response"", ""stimulus"": ""<div style=\""font-size:60px;\"">+</div>"", ""internal_node_id"": ""0.0-4.0-0.95"", ""test_part"": ""fixation"", ""time_elapsed"": 657524, ""key_press"": null, ""trial_index"": 197}"
debugu6h6e:debugFOhOU,397,1530663360676,{}
debugu6h6e:debugFOhOU,398,1530663368679,"{""rt"": null, ""trial_type"": ""image-button-response"", ""button_pressed"": null, ""stimulus"": ""static/images/colorFields/untitled-1974.jpg!PinterestLarge.jpg"", ""button_order"": [""-2"", ""-1"", ""0"", ""1"", ""2""], ""time_elapsed"": 665527, ""internal_node_id"": ""0.0-4.0-1.95"", ""trial_index"": 198}"
debugu6h6e:debugFOhOU,399,1530663368679,{}
debugu6h6e:debugFOhOU,400,1530663368933,"{""rt"": null, ""trial_type"": ""html-keyboard-response"", ""stimulus"": ""<div style=\""font-size:60px;\"">+</div>"", ""internal_node_id"": ""0.0-4.0-0.96"", ""test_part"": ""fixation"", ""time_elapsed"": 665781, ""key_press"": null, ""trial_index"": 199}"
debugu6h6e:debugFOhOU,401,1530663368934,{}
debugu6h6e:debugFOhOU,402,1530663376936,"{""rt"": null, ""trial_type"": ""image-button-response"", ""button_pressed"": null, ""stimulus"": ""static/images/colorFields/red-dog-1961.jpg!PinterestLarge.jpg"", ""button_order"": [""-2"", ""-1"", ""0"", ""1"", ""2""], ""time_elapsed"": 673784, ""internal_node_id"": ""0.0-4.0-1.96"", ""trial_index"": 200}"
debugu6h6e:debugFOhOU,403,1530663376936,{}
debugu6h6e:debugFOhOU,404,1530663377190,"{""rt"": null, ""trial_type"": ""html-keyboard-response"", ""stimulus"": ""<div style=\""font-size:60px;\"">+</div>"", ""internal_node_id"": ""0.0-4.0-0.97"", ""test_part"": ""fixation"", ""time_elapsed"": 674037, ""key_press"": null, ""trial_index"": 201}"
debugu6h6e:debugFOhOU,405,1530663377191,{}
debugu6h6e:debugFOhOU,406,1530663385193,"{""rt"": null, ""trial_type"": ""image-button-response"", ""button_pressed"": null, ""stimulus"": ""static/images/impressionism/roman-architecture.jpg!PinterestLarge.jpg"", ""button_order"": [""-2"", ""-1"", ""0"", ""1"", ""2""], ""time_elapsed"": 682041, ""internal_node_id"": ""0.0-4.0-1.97"", ""trial_index"": 202}"
debugu6h6e:debugFOhOU,407,1530663385193,{}
debugu6h6e:debugFOhOU,408,1530663385446,"{""rt"": null, ""trial_type"": ""html-keyboard-response"", ""stimulus"": ""<div style=\""font-size:60px;\"">+</div>"", ""internal_node_id"": ""0.0-4.0-0.98"", ""test_part"": ""fixation"", ""time_elapsed"": 682294, ""key_press"": null, ""trial_index"": 203}"
debugu6h6e:debugFOhOU,409,1530663385446,{}
debugu6h6e:debugFOhOU,410,1530663393450,"{""rt"": null, ""trial_type"": ""image-button-response"", ""button_pressed"": null, ""stimulus"": ""static/images/abstract/improvisation-209-1917(1).jpg!PinterestLarge.jpg"", ""button_order"": [""-2"", ""-1"", ""0"", ""1"", ""2""], ""time_elapsed"": 690298, ""internal_node_id"": ""0.0-4.0-1.98"", ""trial_index"": 204}"
debugu6h6e:debugFOhOU,411,1530663393450,{}
debugu6h6e:debugFOhOU,412,1530663393703,"{""rt"": null, ""trial_type"": ""html-keyboard-response"", ""stimulus"": ""<div style=\""font-size:60px;\"">+</div>"", ""internal_node_id"": ""0.0-4.0-0.99"", ""test_part"": ""fixation"", ""time_elapsed"": 690550, ""key_press"": null, ""trial_index"": 205}"
debugu6h6e:debugFOhOU,413,1530663393703,{}
debugu6h6e:debugFOhOU,414,1530663401709,"{""rt"": null, ""trial_type"": ""image-button-response"", ""button_pressed"": null, ""stimulus"": ""static/images/leslie/52brueghel-tower of babel.bmp"", ""button_order"": [""-2"", ""-1"", ""0"", ""1"", ""2""], ""time_elapsed"": 698557, ""internal_node_id"": ""0.0-4.0-1.99"", ""trial_index"": 206}"
debugu6h6e:debugFOhOU,415,1530663401709,{}
debugu6h6e:debugFOhOU,416,1530663401961,"{""rt"": null, ""trial_type"": ""html-keyboard-response"", ""stimulus"": ""<div style=\""font-size:60px;\"">+</div>"", ""internal_node_id"": ""0.0-4.0-0.100"", ""test_part"": ""fixation"", ""time_elapsed"": 698809, ""key_press"": null, ""trial_index"": 207}"
debugu6h6e:debugFOhOU,417,1530663401961,{}
debugu6h6e:debugFOhOU,418,1530663409962,"{""rt"": null, ""trial_type"": ""image-button-response"", ""button_pressed"": null, ""stimulus"": ""static/images/abstract/the-wave-1950.jpg!PinterestLarge.jpg"", ""button_order"": [""-2"", ""-1"", ""0"", ""1"", ""2""], ""time_elapsed"": 706810, ""internal_node_id"": ""0.0-4.0-1.100"", ""trial_index"": 208}"
debugu6h6e:debugFOhOU,419,1530663409962,{}
debugu6h6e:debugFOhOU,420,1530663410218,"{""rt"": null, ""trial_type"": ""html-keyboard-response"", ""stimulus"": ""<div style=\""font-size:60px;\"">+</div>"", ""internal_node_id"": ""0.0-4.0-0.101"", ""test_part"": ""fixation"", ""time_elapsed"": 707066, ""key_press"": null, ""trial_index"": 209}"
debugu6h6e:debugFOhOU,421,1530663410218,{}
debugu6h6e:debugFOhOU,422,1530663418220,"{""rt"": null, ""trial_type"": ""image-button-response"", ""button_pressed"": null, ""stimulus"": ""static/images/leslie/19Rembrandt-MilitaCompany.bmp"", ""button_order"": [""-2"", ""-1"", ""0"", ""1"", ""2""], ""time_elapsed"": 715068, ""internal_node_id"": ""0.0-4.0-1.101"", ""trial_index"": 210}"
debugu6h6e:debugFOhOU,423,1530663418220,{}
debugu6h6e:debugFOhOU,424,1530663418471,"{""rt"": null, ""trial_type"": ""html-keyboard-response"", ""stimulus"": ""<div style=\""font-size:60px;\"">+</div>"", ""internal_node_id"": ""0.0-4.0-0.102"", ""test_part"": ""fixation"", ""time_elapsed"": 715319, ""key_press"": null, ""trial_index"": 211}"
debugu6h6e:debugFOhOU,425,1530663418472,{}
debugu6h6e:debugFOhOU,426,1530663426475,"{""rt"": null, ""trial_type"": ""image-button-response"", ""button_pressed"": null, ""stimulus"": ""static/images/cubism/bust-of-woman-1939.jpg!PinterestLarge.jpg"", ""button_order"": [""-2"", ""-1"", ""0"", ""1"", ""2""], ""time_elapsed"": 723323, ""internal_node_id"": ""0.0-4.0-1.102"", ""trial_index"": 212}"
debugu6h6e:debugFOhOU,427,1530663426475,{}
debugu6h6e:debugFOhOU,428,1530663462328,"{""rt"": 35851, ""trial_type"": ""html-button-response"", ""button_pressed"": ""0"", ""stimulus"": ""<p>You are almost done!</p><p>Please answer a few more questions.</p><p>Click on the button below to begin.</p>"", ""internal_node_id"": ""0.0-5.0"", ""time_elapsed"": 759176, ""trial_index"": 213}"
debugu6h6e:debugFOhOU,429,1530663462328,{}
debugu6h6e:debugFOhOU,430,1530663470079,"{""rt"": 7749, ""trial_type"": ""survey-multi-choice"", ""responses"": ""{\""Q0\"":\""Yes\""}"", ""button_order"": ""Continue"", ""time_elapsed"": 766927, ""internal_node_id"": ""0.0-6.0"", ""trial_index"": 214}"
debugu6h6e:debugFOhOU,431,1530663470079,{}
debugu6h6e:debugFOhOU,432,1530663471418,"{""rt"": 1336, ""trial_type"": ""survey-multi-choice"", ""responses"": ""{\""Q0\"":\""Once a week or more\""}"", ""button_order"": ""Continue"", ""time_elapsed"": 768265, ""internal_node_id"": ""0.0-7.0"", ""trial_index"": 215}"
debugu6h6e:debugFOhOU,433,1530663471418,{}
debugu6h6e:debugFOhOU,434,1530663473275,"{""rt"": 1849, ""trial_type"": ""survey-multi-select"", ""responses"": ""{\""Q0\"":[\""Others\""]}"", ""internal_node_id"": ""0.0-8.0"", ""time_elapsed"": 770122, ""trial_index"": 216}"
debugu6h6e:debugFOhOU,435,1530663473275,{}
debugu6h6e:debugFOhOU,436,1530663474276,"{""rt"": 1000, ""trial_type"": ""survey-text"", ""responses"": ""{\""Q0\"":\""\""}"", ""internal_node_id"": ""0.0-9.0"", ""time_elapsed"": 771124, ""trial_index"": 217}"
debugu6h6e:debugFOhOU,437,1530663474276,{}
debugu6h6e:debugFOhOU,438,1530663474950,"{""rt"": 672, ""trial_type"": ""survey-multi-select"", ""responses"": ""{\""Q0\"":[]}"", ""internal_node_id"": ""0.0-10.0"", ""time_elapsed"": 771798, ""trial_index"": 218}"
debugu6h6e:debugFOhOU,439,1530663474950,{}
debugu6h6e:debugFOhOU,440,1530663475558,"{""rt"": 604, ""trial_type"": ""survey-multi-choice"", ""responses"": ""{\""Q0\"":\""\""}"", ""button_order"": ""Continue"", ""time_elapsed"": 772406, ""internal_node_id"": ""0.0-11.0"", ""trial_index"": 219}"
debugu6h6e:debugFOhOU,441,1530663475558,{}
debugu6h6e:debugFOhOU,442,1530663476187,"{""rt"": 627, ""trial_type"": ""survey-multi-choice"", ""responses"": ""{\""Q0\"":\""\""}"", ""button_order"": ""Continue"", ""time_elapsed"": 773035, ""internal_node_id"": ""0.0-12.0"", ""trial_index"": 220}"
debugu6h6e:debugFOhOU,443,1530663476187,{}
debugu6h6e:debugFOhOU,444,1530663476896,"{""rt"": 708, ""trial_type"": ""survey-multi-choice"", ""responses"": ""{\""Q0\"":\""\""}"", ""button_order"": ""Continue"", ""time_elapsed"": 773744, ""internal_node_id"": ""0.0-13.0"", ""trial_index"": 221}"
debugu6h6e:debugFOhOU,445,1530663476896,{}
debugu6h6e:debugFOhOU,446,1530663477740,"{""rt"": 843, ""trial_type"": ""survey-text"", ""responses"": ""{\""Q0\"":\""\""}"", ""internal_node_id"": ""0.0-14.0"", ""time_elapsed"": 774588, ""trial_index"": 222}"
debugu6h6e:debugFOhOU,447,1530663477740,{}
